COUNTY,DMG,DMGCPI,DMG2000,DMGCP2000,COUNT2000,DMG2010,DMGCP2010,COUNT2010,DMG2020,DMGCP2020,COUNT2020,POP2000,PNW2000,MICPI2000,POP2010,PNW2010,MICPI2010,POP2020,PNW2020,MICPI2020,AGPER,FORPER,URBPER,WATPER,ELEV,TMP2000,PCP2000,TMP2010,PCP2010,TMP2020,PCP2020,DMGPOP2000,DMGPOP2010,DMGPOP2020,DPC2000,DPC2010,DPC2020,FIPS,County_low
ARKANSAS,-0.6809200293245969,-0.6257260245828854,-0.2790829285914355,-0.2788614483655191,-0.6495881028627454,-0.6767696854736598,-0.6751981834477935,-0.28411935023007867,-0.31521375043867933,-0.3102603511581072,0.11086870326953119,-0.30623779943110296,0.3591734795175652,0.2881161793363531,-0.3529023522301202,0.40291811580121445,0.38734702030378393,-0.36311790051826887,0.3324022250205373,1.012560367711389,0.8969304853196034,-1.566580409513421,-0.6839738218412221,0.8070596601813107,-0.8940106143765566,0.8473295608465575,0.741629043892329,0.8382243593744662,0.6114674010694381,0.8589836478799995,0.5519617981280508,-0.2626688566608558,-0.5070405039634172,-0.32643105288458085,-0.26243570305947483,-0.5498782717659865,-0.29883172234553396,57.0,Arkansas
ASHLEY,-0.6217443821970402,-0.5655326149809603,-0.2345736531504669,-0.2323212300657084,-1.1651342162458767,-0.6513554883362485,-0.6491094976451074,-1.9974018641803022,1.0016195779011507,1.0232915405449154,-1.2574475712594915,-0.23510735663545196,0.7149451269762352,0.6183410655854096,-0.30254334083059564,0.5500491753498943,-0.008450708515298713,-0.33292207302084165,0.34633544588318244,-0.003186480779536481,-0.4249012706456699,-0.286219726043051,-0.2714962504488814,-0.33791270431137044,-1.0083577642731123,1.606694464987084,1.5594800039974952,1.5913871868240517,1.1573572583244753,1.615892399853551,1.3525179891391566,-0.2331539392343756,-0.4926984323730344,1.3333994250734076,-0.23332726881098173,-0.46548578613804437,1.8543551245770908,74.0,Ashley
BAXTER,1.173250247338848,0.9399552333996496,-0.27486222143755057,-0.2747895955372659,1.6703694073613458,2.2455897143916843,2.254660649281884,1.8574837922077008,-0.31521375043867933,-0.3102603511581072,2.4264808601648,0.05634243744372275,-0.9893253772392581,0.011124954247110167,0.04680675236441243,-1.0561800201973524,0.10743924959022821,0.02325610130192162,-1.1366438876713736,-0.016538284045903448,-0.7778640840772273,1.0042166901777403,0.6721590701142603,2.034552917960108,0.6264172039673503,-1.161948683689183,-2.052274797048611,-1.1887219143255225,-1.80695898857259,-1.159055755270434,-2.2619027157401486,-0.261040276197752,0.6333371268983485,-0.32643105288458085,-0.26186882607822837,0.46623044597328966,-0.29883172234553396,5.0,Baxter
BENTON,0.35465379540764613,0.25463978227703055,-0.2750540717627271,-0.2749141733855103,2.185915520744477,0.9516518278793967,0.9683054085973499,-0.6053598215957455,0.07209016966127069,0.032357942433716876,-0.8364271790967152,2.420915712113023,-0.5122006719951846,2.5699902789811295,3.2422406210767987,-0.22398813792794267,2.6630043794668583,3.854258980857897,0.17792521110860432,3.8346154580951026,0.06246219682629718,-0.01454803722631596,3.110642152975901,1.0538515962927144,1.8754278091972303,-1.534447390821016,-1.169964717141075,-1.527833858822717,-1.869541185227251,-1.5327480648353122,-1.1618908853633567,-0.2622738130495579,-0.3572893383885414,-0.29784161867055664,-0.26231267052662555,-0.28384585519948574,-0.27523080418516077,1.0,Benton
BOONE,1.0488429658045983,0.8422597442726777,-0.2790829285914355,-0.2788614483655191,1.6703694073613458,2.05511987132958,2.0786576414739346,2.8212052063047017,-0.31521375043867933,-0.3102603511581072,2.6369910562461882,-0.03489366230399379,-0.9336805604986342,0.2129849837987438,-0.03511104670115151,-1.0340812839805547,0.34364884395200984,-0.04389133736721353,-1.0675835755695684,0.3799766129569609,0.22879826074644277,0.21770211875449222,0.2156641362157415,-0.11978794142280061,1.729829169715565,-1.668663453103485,-1.9418226048775316,-1.6474371172615248,-2.1787055648623452,-1.643179499297309,-1.9982575600258436,-0.2626688566608558,0.7062403213537908,-0.32643105288458085,-0.26243570305947483,0.354666000498206,-0.29883172234553396,3.0,Boone
BRADLEY,-0.6914747500110909,-0.633852981744827,-0.2790829285914355,-0.2788614483655191,-0.6495881028627454,-0.693439212628306,-0.6904438818694818,-0.9266002929614124,-0.31521375043867933,-0.3102603511581072,-1.0469373751781033,-0.47376438276687177,1.084331995552292,-0.9701111120958371,-0.48636972506774506,1.0757664790337143,-0.8746323685292319,-0.4673590112307674,1.080555606123428,-0.2493533410014619,-1.2705978755128637,0.16525514727894447,-0.42414461546104654,-0.8130705178659151,-0.9275256363644996,1.420859947843153,1.408898710416316,1.3877069046144825,1.3615877182829486,1.4250057150718,1.6409882103611173,-0.2626688566608558,-0.5168750231891363,-0.32643105288458085,-0.26243570305947483,-0.56389480889412,-0.29883172234553396,68.0,Bradley
CALHOUN,-0.6914747500110909,-0.633852981744827,-0.2790829285914355,-0.2788614483655191,-0.6495881028627454,-0.693439212628306,-0.6904438818694818,-0.9266002929614124,-0.31521375043867933,-0.3102603511581072,-1.1521924732187974,-0.6147095607457688,0.3828521249391072,-0.14190609060001358,-0.5954749932374983,0.24531923383405155,-0.4364533947004834,-0.5590040579898173,-0.059545335767778686,0.9358155489366412,-1.3101421252830474,0.21700996883586457,-0.3068016726512497,-0.8283251209230665,-0.9024031765424442,1.3463055317485566,1.2675217748475893,1.3278113170431776,1.2700403997119531,1.341572365912272,1.4428024820527203,-0.2626688566608558,-0.5132264091075535,-0.32643105288458085,-0.26243570305947483,-0.556557278180654,-0.29883172234553396,67.0,Calhoun
CARROLL,-0.08483785284964665,-0.11640576766261099,-0.2597060457486,-0.25991705112556057,2.443688577436043,0.23294926367088206,0.243545047537954,-0.8195201358395235,0.8466980098611707,0.7175945296173649,-1.1521924732187974,-0.21150685133793537,-0.7099173612650612,-0.2595738759059846,-0.20315803710528127,-0.6316516665588694,-0.12889006580265416,-0.18773586218898802,-0.2412829991935821,0.6348950753198663,0.13630615492911782,0.4002694404774938,0.01603580124245238,-0.39446759144501126,2.16702585938035,-1.7443782788697948,-2.067224408258494,-1.7125309251469383,-2.828034067635544,-1.722306524834807,-2.013876564269594,-0.251198605489407,0.034769806813808646,0.5365115796394262,-0.25904201863325715,0.4947823795426814,0.6806762194833859,2.0,Carroll
CHICOT,-0.6175917052056327,-0.5628568987293386,-0.23476550347564348,-0.2325130667596884,-1.4229072729374423,-0.6480762370927114,-0.646596413705766,-1.9974018641803022,2.0086097701610206,2.0339934093417678,-1.2574475712594915,-0.44257800076658205,2.164078226774613,-1.610676916595722,-0.4811810054740044,2.182447926943349,-2.2933265870731305,-0.4726784016471986,2.118883456496185,-1.3867250192465201,1.4420188307574515,-1.6854817084469762,-0.8529900690450392,2.8275200076460374,-1.080309168133721,1.5586131574654616,1.3001121678998866,1.5656331944549786,0.5919162710335749,1.588138034309594,0.6478647120778583,-0.21226286465065514,-0.4705561716438394,5.122185434991511,-0.20278154988840283,-0.3804756773132139,6.76929331296153,75.0,Chicot
CLARK,-0.6516782621767692,-0.6025667687950524,-0.2790829285914355,-0.2788614483655191,0.12373106721195164,-0.6305868971271811,-0.6317527681002751,-0.7124399787176345,-0.31521375043867933,-0.3102603511581072,-0.5206618849746331,-0.24873726518271108,0.3710128022283362,-0.04865279764629755,-0.2822504717345275,0.4023365701112988,-0.5195397902844046,-0.29529172657344666,0.4208478878877617,-0.5662062185159183,-0.9671465697914394,0.6473196201540937,-0.4863004240910828,-0.09270530056087609,-0.5678574458048335,0.8469135106192714,0.5973950714031654,0.8387647749858875,1.1679448892250628,0.8555903225848783,1.0290637999569265,-0.2626688566608558,-0.480860892679889,-0.32643105288458085,-0.26243570305947483,-0.49830121464247423,-0.29883172234553396,53.0,Clark
CLAY,-0.5701812841075653,-0.5142743822129883,-0.1714924988311038,-0.17493133988685886,-0.39181504617117974,-0.655126627266316,-0.6516311201098919,0.03712112113558828,-0.31521375043867933,-0.3102603511581072,0.5318890954323073,-0.37078970416472845,-1.0431942955732665,-0.8501780646128528,-0.40507386156992403,-1.0910727615922964,-1.019734258223342,-0.4041103542615091,-1.2517444078410491,-0.7812936711346198,1.6415237706140113,-1.300646560098395,-0.4538148512512759,-0.7521278758695511,-0.580425234511636,-0.8692728523226373,-0.7391081873086721,-0.8679289953773335,-0.5773349937449884,-0.884692058616182,-0.3839981735055674,-0.1720545662151086,-0.48464177035837547,-0.32643105288458085,-0.20285814374597216,-0.5203632500658716,-0.29883172234553396,9.0,Clay
CLEBURNE,0.2527401809101873,0.16975327191217884,-0.24378246875894316,-0.2448059519837649,0.639277180595083,0.7475184379692216,0.7562874040858263,0.5725219067450331,-0.31521375043867933,-0.3102603511581072,0.005613605228837145,-0.2384582994607962,-1.0431942955732665,0.5663658834128257,-0.22938594847638158,-1.048038380538532,0.13270038715248667,-0.24375519924511418,-1.1626929527624055,0.26620578512422055,-0.5566499226516234,0.722643043388257,0.0863575926400073,2.2349307133965834,0.5518418095235046,-0.7926673389688186,-0.6688931580457176,-0.8199551741510605,-0.16665554199624563,-0.8419576408622872,-0.42320605442234344,-0.24092511002215308,0.38525648620447217,-0.32643105288458085,-0.2525383389018132,0.522182991324095,-0.29883172234553396,24.0,Cleburne
CLEVELAND,-0.6845536216920785,-0.6284745826780961,-0.2790829285914355,-0.2788614483655191,-0.39181504617117974,-0.6825083751498494,-0.6803543183921619,-0.4982796644738566,-0.31521375043867933,-0.3102603511581072,-0.625916983015327,-0.556592288554062,-0.265350793475608,0.7664640423823378,-0.5364621926525227,-0.4077565759413133,0.34029665508118884,-0.5146337124094368,-0.7234935994833805,0.37403001150219245,-1.2526345649951949,0.32139019723375223,-0.6346861922688393,-0.996599522235487,-0.8108585914368152,1.0845787614326097,1.2696887991560288,1.068297953132678,1.4539065707877712,1.106021240486119,1.425116046677333,-0.2626688566608558,-0.49775876490859144,-0.32643105288458085,-0.26243570305947483,-0.5325857109983745,-0.29883172234553396,63.0,Cleveland
COLUMBIA,0.692750913791406,0.8269519546144154,1.2576381760730408,1.2578506746036293,-1.4229072729374423,-0.6961719219979201,-0.6930084684078804,-1.0336804500833014,-0.31521375043867933,-0.3102603511581072,-0.7311720810560212,-0.20644960020275324,1.1192579975490669,-0.32463723954575674,-0.25458322376379366,1.0984467609404278,0.028543090094833332,-0.2739036731186563,0.9121453713488502,-0.8258370820316592,-1.2669090262943774,0.9558740395447379,-0.3695469576947325,-0.8093963310800338,-0.6342759981218773,1.543819145531084,1.2020501421011824,1.5326278542390885,0.7406800366767894,1.5395823759600706,0.8991094192758189,0.6588233531730006,-0.5199318550567867,-0.32643105288458085,0.8281258599438683,-0.5700422383600109,-0.29883172234553396,72.0,Columbia
CONWAY,-0.26426810452004534,-0.2763487029238798,-0.2790829285914355,-0.2788614483655191,0.3815041239035173,-0.018733269270578744,-0.01978667145726382,0.5725219067450331,-0.31521375043867933,-0.3102603511581072,0.21612380131022524,-0.31472822511740467,-0.18010766995805647,0.4926190147611689,-0.31284970166747783,-0.3181985396942909,-0.3934735445353138,-0.3068302262601269,-0.32185336331235503,0.11417474793155466,0.09528743869955102,0.08283379107711829,0.03417955325461925,0.07017430602311397,-0.08192256206321173,-0.38889007699584127,0.2255435543258081,-0.3979242220830486,0.6854284652654603,-0.37517787472146785,0.0582449236579225,-0.2626688566608558,-0.022747591174358997,-0.32643105288458085,-0.26243570305947483,0.029874013386734018,-0.29883172234553396,31.0,Conway
CRAIGHEAD,-0.5537093447647314,-0.5009026552489435,-0.17517640877514465,-0.1784913930159179,-0.39181504617117974,-0.6238644320779304,-0.6201920330232654,0.2512814353793662,-0.31521375043867933,-0.3102603511581072,0.3213788993509193,0.9559986332886014,-0.4340611421040957,0.7711204146350874,1.022890201967759,-0.14315328702965616,0.732502752967249,1.1219233136024584,0.07251736632163844,0.8382015250564793,1.7404748118742015,-1.4709197389821376,1.2235926621648705,-0.678788887450871,-0.7051379635183156,-0.3630264940580716,-0.7146068800572134,-0.37618428987686425,-0.47890931412817006,-0.4323199649365003,-0.44761980761085973,-0.2439103968942252,-0.5066194305018323,-0.32643105288458085,-0.250102292469613,-0.5524731802958602,-0.29883172234553396,26.0,Craighead
CRAWFORD,-0.6601566443675595,-0.6087154178456554,-0.2790829285914355,-0.2788614483655191,-0.9073611595543111,-0.6478029661557501,-0.646362483784195,-1.3549209214489684,0.7692372258411807,0.7807584172831002,-1.1521924732187974,0.36185385663047703,-0.5731731839556554,0.873183060499411,0.4099282759880131,-0.6019928363731671,0.8986755441350913,0.3153648225080841,-0.43271333800209505,0.7353140998862397,-0.2977427330874734,0.7182435669124089,0.5449325639367968,-0.03195517319194008,1.0787792151408675,-0.9451077708281845,0.7740281327360886,-0.9149669020070555,-0.2422604075552977,-0.92313619879586,0.5398253760002051,-0.2626688566608558,-0.5067752493410467,0.10403769878907881,-0.26243570305947483,-0.5373581605853289,0.18978425869628868,19.0,Crawford
CRITTENDEN,-0.6895714397233625,-0.6314003317073239,-0.27513081189279776,-0.27491287520946406,-1.1651342162458767,-0.6960626136231355,-0.6928908467483005,-0.28411935023007867,-0.31521375043867933,-0.3102603511581072,0.005613605228837145,0.3129054218627183,1.8136342745357892,0.24079736941651878,0.213645410808356,1.9009798130241353,-0.21832167603491515,0.12642386320635685,2.0401304690116695,-0.17025232165029625,1.79562525021971,-1.7154306345486647,0.2589890922180829,0.9132438828362528,-0.826291980393567,0.13131786508493742,0.4289081840948981,0.15160794769688005,-0.1287821666558943,0.09707417011614308,-0.05824047504246318,-0.2614770587804882,-0.5198971266823867,-0.32643105288458085,-0.2612603187703408,-0.5699879180815391,-0.29883172234553396,36.0,Crittenden
CROSS,-0.6574574043231446,-0.5977055620146497,-0.24044427310087052,-0.24024112575957113,-1.1651342162458767,-0.6947509131257207,-0.6915686535493182,-0.28411935023007867,-0.31521375043867933,-0.3102603511581072,-0.0996414928118569,-0.33138014958690676,0.34141449545140856,0.06964422715328825,-0.3733196084397369,0.18774621053239435,0.3513109899424579,-0.3681058155675041,0.06948840526454167,0.10362794535139924,1.7959347053950796,-1.331568291976932,-0.5949864931519847,-0.4895998062964172,-0.7578659456307812,0.0974925907417477,-0.03968747145935898,0.1027954073848325,-0.1932585929447512,0.03414122138903045,0.0542466859880439,-0.2323025048549486,-0.5188244204135983,-0.32643105288458085,-0.23248756049357944,-0.5683100479178622,-0.29883172234553396,35.0,Cross
DALLAS,-0.6850727063160044,-0.6289078117281535,-0.2790829285914355,-0.2788614483655191,-0.39181504617117974,-0.6833281879607337,-0.6811670308641337,-0.4982796644738566,-0.31521375043867933,-0.3102603511581072,-0.5206618849746331,-0.5434557703614548,1.4158330314538818,-0.5609795933474824,-0.5466441663758563,1.3723547808907366,-0.9273096222135623,-0.5314916025125483,1.2053488016758132,-1.1655787651456018,-1.3276128673413503,0.860889799748997,-0.4018497255648076,-1.081735680998744,-0.6467433653279101,0.9855007226194344,0.9559598068942962,0.9815556390823217,1.5491993174989336,0.9934840405663472,1.2555583705198294,-0.2626688566608558,-0.5006224213384924,-0.32643105288458085,-0.26243570305947483,-0.5374232246107765,-0.29883172234553396,62.0,Dallas
DESHA,-0.6914747500110909,-0.633852981744827,-0.2790829285914355,-0.2788614483655191,-0.6495881028627454,-0.693439212628306,-0.6904438818694818,-0.8195201358395235,-0.31521375043867933,-0.3102603511581072,-0.9416822771374093,-0.4174150926793344,1.7952833243340944,-1.1304413350688929,-0.45971534359304966,1.7945569517695565,-1.0222483998764578,-0.4539421511299764,1.8886824161568336,-1.615725275268831,0.9670964294233618,-1.7137761444927433,-0.9555644340828681,2.9866543576895244,-1.0005753345802306,1.1423628351326445,1.6089017524873188,1.12797056553612,0.9455473336985564,1.1688277068404185,0.5235938866480467,-0.2626688566608558,-0.517421192027493,-0.32643105288458085,-0.26243570305947483,-0.5652226822190851,-0.29883172234553396,65.0,Desha
DREW,-0.6913017218031157,-0.6337085720614745,-0.2790829285914355,-0.2788614483655191,-0.6495881028627454,-0.6931659416913445,-0.6901729777121579,-0.6053598215957455,-0.31521375043867933,-0.3102603511581072,0.11086870326953119,-0.3478881685363021,0.5397231508568237,-0.09861441343931411,-0.3619648419315166,0.5768002770860179,-0.417896634879867,-0.3599452077179642,0.5220151871947923,-0.09608810350686293,-0.6346964473548933,-0.11399023291857259,-0.5607072180988225,-0.8743736527772515,-0.8842121519310109,1.302429759863349,1.5014477077847797,1.268690923867295,1.347501803179163,1.31002393043415,1.3014350296011319,-0.2626688566608558,-0.517657399116466,-0.32643105288458085,-0.26243570305947483,-0.5660399573014513,-0.29883172234553396,69.0,Drew
FAULKNER,-0.07774369632265886,-0.12931633725731853,-0.2790829285914355,-0.2788614483655191,0.3815041239035173,0.27585280077382385,0.2560374851750886,0.5725219067450331,-0.31521375043867933,-0.3102603511581072,0.11086870326953119,1.0354755962504472,-0.3505939169931597,2.09441106970705,1.3213126569584488,-0.3211062681438695,1.7758715390102935,1.315552281668815,-0.15101995969209983,1.4507014748976328,0.29217566201439893,-0.15364994861859751,1.5332208497308077,0.11294773353466327,-0.3180372276759357,-0.17043175103946598,-0.11154538491234389,-0.16464388505010666,0.40225319611898325,-0.19157561699241396,0.05447097250130853,-0.2626688566608558,-0.35422409901088736,-0.32643105288458085,-0.26243570305947483,-0.37009468749398383,-0.29883172234553396,32.0,Faulkner
FRANKLIN,-0.6627520674871892,-0.6117737241351403,-0.2790829285914355,-0.2788614483655191,-0.9073611595543111,-0.6519020302101712,-0.6520996883050936,-1.5690812356927464,0.7692372258411807,0.7807584172831002,-0.9416822771374093,-0.36745931927082803,-0.9070420843993993,0.4099369453001819,-0.36878836358903866,-0.9456863391133637,-0.5030182879925009,-0.3639386966656114,-0.9803494971251826,-0.8324568836511184,0.059235199784484396,0.471771035178933,-0.36253422197975227,-0.2062467531291921,0.8270660079957776,-0.9409763416339372,0.4124054824474419,-0.8923124017330684,-0.4303123102073666,-0.880783881604389,0.05863513791108793,-0.2626688566608558,-0.4853594652361453,1.1875993293106681,-0.26243570305947483,-0.4727049061389075,1.076003385006068,20.0,Franklin
FULTON,1.084175325873157,0.8708925954073788,-0.2738645997466323,-0.2738271575960424,0.8970502372866487,2.10348882717175,2.1233852611181945,1.215002849476367,-0.31521375043867933,-0.3102603511581072,0.8476543895543894,-0.4934588810900607,-1.0431942955732665,-0.80801901854066,-0.47327353896984475,-1.0515276546780266,-0.7556296636150854,-0.4432086630493436,-1.1790493424707278,-1.1463925604519147,0.03130530419011743,0.4908736356993377,-0.32419551628189297,-0.8787722214395808,0.5775359284756348,-1.3548746310728688,-1.5881245533533421,-1.407626908609952,-1.0936036302774617,-1.3667457487575498,-1.4420341817058764,-0.25602988663593695,3.1132782450647842,-0.32643105288458085,-0.25962961564966475,3.1723383607880296,-0.29883172234553396,6.0,Fulton
GARLAND,-0.2467922555145388,-0.28320537215355013,-0.2790829285914355,-0.2788614483655191,0.12373106721195164,0.008867095362523909,-0.03264938368397011,0.3583615925012552,-0.31521375043867933,-0.3102603511581072,-0.0996414928118569,1.0777015874360736,-0.39913514010732093,0.6105384958645859,1.0154447447424941,-0.4449755000959201,0.3207821270117664,0.9474883477508804,-0.3030738047583552,0.6213188719986025,-1.119199519038532,1.0145960589034724,1.6821981257646588,2.8012555159840677,0.4526404495746294,0.10626633083888651,-0.21967221984287943,0.0899690665964195,0.30327022449289004,0.12658625240200475,-0.3648708749718247,-0.2626688566608558,-0.407319312973256,-0.32643105288458085,-0.26243570305947483,-0.4259256013305722,-0.29883172234553396,42.0,Garland
GRANT,-0.6669047444785966,-0.6145885597888091,-0.2790829285914355,-0.2788614483655191,0.12373106721195164,-0.6546347395797854,-0.6543049480031892,-0.0699590359863007,-0.31521375043867933,-0.3102603511581072,-0.625916983015327,-0.39432853566791354,-0.9058581521283222,1.8603339780823376,-0.3736216914297834,-0.9387077908343749,2.8619807331563063,-0.35034820661057486,-1.0354765883643429,2.117842838106187,-1.1937446952629651,0.2847915759587522,-0.12677798882255042,-1.0185353744575305,-0.6747413605960286,0.7281430531960821,-0.05199679023777918,0.7395900038144367,0.5948241038054234,0.7408068760722495,0.356390681139213,-0.2626688566608558,-0.4846265595327246,-0.32643105288458085,-0.26243570305947483,-0.5186280303637238,-0.29883172234553396,55.0,Grant
GREENE,-0.3880517923927517,-0.3631559189176232,-0.19405409707187063,-0.1966989143428304,0.3815041239035173,-0.33534497683407116,-0.32928771702815307,0.2512814353793662,-0.31521375043867933,-0.3102603511581072,0.3213788993509193,0.03465381977048234,-0.9467038154804824,0.40540642094615514,0.057059804438345275,-1.0271027357015658,0.556033953124742,0.08811478148327478,-0.9712626139538925,0.8866719369142149,1.371384596514779,-0.9493619970418755,0.20265440495302095,-0.2815049824925653,-0.5722366504523005,-0.6147829077921361,-0.7323423082738187,-0.6314255643929988,-0.4519530078368123,-0.6655145286648702,-0.34033830884527794,-0.22887838854135772,-0.373605284246349,-0.32643105288458085,-0.2457731523013325,-0.3769279030799014,-0.29883172234553396,18.0,Greene
HEMPSTEAD,0.7008832395662457,0.832501175174865,1.2576381760730408,1.2578506746036293,-1.1651342162458767,-0.6956253801239972,-0.6924597615989183,-0.9266002929614124,3.170521530460871,3.188323040830996,-0.625916983015327,-0.24789438999351407,1.1204419298201438,-0.09974704452782078,-0.2891095325673491,1.1246163169866357,0.1250382411620386,-0.31709017810190826,1.1417406194767818,0.25532238246171973,-0.33024849894738945,0.1366822171599433,-0.27975246329929215,-0.2308814739931327,-0.4732126188391891,1.0459659870004205,1.3144595006756035,1.0615863680877802,0.9948421945328283,1.0653241820125354,1.2894879931932695,0.7375840389331674,-0.519582479609329,3.81047202819107,0.7240415830718191,-0.5693396282678139,2.590836735515017,60.0,Hempstead
HOT SPRING,-0.5106602726768897,-0.49115238251148086,-0.2790829285914355,-0.2788614483655191,-0.13404198947961404,-0.40787108350363,-0.4227458668369963,0.03712112113558828,-0.31521375043867933,-0.3102603511581072,-0.625916983015327,-0.10879942584456183,-0.3908476142097813,0.5691345371847308,-0.10583400554734337,-0.3978702992127459,0.3735791017271976,-0.1122857547986575,-0.39878897416261183,0.3796400128746155,-0.8600254172820945,0.8920828941866192,0.23341495979351956,-0.5157615556776727,-0.2228317594220202,0.48768815906199103,0.0002127886600700786,0.4896111774801751,0.7383192847338966,0.5047937006682658,0.3249116841948254,-0.2626688566608558,-0.38620794395976094,-0.32643105288458085,-0.26243570305947483,-0.3817947838466829,-0.29883172234553396,54.0,Hot Spring
HOWARD,0.6997412533936086,0.8319824969153498,1.2576381760730408,1.2578506746036293,-1.1651342162458767,-0.6907065032586919,-0.6880419235242518,-0.8195201358395235,1.2649862435691168,1.2757641198769532,-0.5206618849746331,-0.4388158993123612,0.4828944018451227,-0.08212833870660587,-0.44583729563855823,0.40698893563062455,-0.07393811252740949,-0.43200163872985936,0.5959218369879523,-0.7669320676212167,-0.5014732712226736,0.34708418416354603,0.10159166023739484,-0.45744511599045784,0.14311601198016338,0.4637481636742396,1.1391947221331267,0.4431433982182353,1.45657696113203,0.4851402430390022,1.5812973377726507,1.387188839029789,-0.514715789198031,2.6168479469231314,1.3646999436523313,-0.5600292967793516,1.6102275802063108,51.0,Howard
INDEPENDENCE,1.1042119923566982,0.8874135516300137,-0.2706415142836656,-0.27071774270901267,0.8970502372866487,2.1305426499309297,2.1488274724543865,0.7866822209888111,-0.31521375043867933,-0.3102603511581072,0.42663399739161334,-0.0290346518425023,-0.8300864867793875,0.6554661957086839,-0.03966006113949953,-0.7665702666193188,-0.061606846324032134,-0.03497307153551129,-0.6623085861300267,0.7341920996117551,0.27222679557439644,0.1984600938840526,-0.13333798017856127,-0.5249994277095353,-0.18739432360894573,-0.5561384260358189,-0.9216347937010486,-0.5974180568995701,-0.6538294314285578,-0.61939393503976,-0.5915604763207613,-0.25901655101094473,0.7268164356404603,-0.32643105288458085,-0.26089198635906413,0.8530018462397111,-0.29883172234553396,16.0,Independence
IZARD,1.0931381870462782,0.8781234565059695,-0.2740948201368442,-0.27404925865940166,0.8970502372866487,2.1179721868307047,2.137346374114088,1.107922692354478,-0.31521375043867933,-0.3102603511581072,0.42663399739161334,-0.46042228525982626,-0.9620949350044846,-0.7758019564675813,-0.44748986728998935,-0.990465357236875,-0.5704212285022237,-0.41950028202418116,-1.0263897051930528,-0.11067410707516298,-0.33906241299696305,0.8233502940036947,-0.21606268342206067,-0.8111046606497458,0.36486563892828927,-1.0195352684477725,-1.6977573495582856,-1.066162951827272,-1.3350039763212196,-1.0421714345673698,-1.6701168854668407,-0.2570925115127682,2.6884239516111488,-0.32643105288458085,-0.26007875433790034,2.8173370763614773,-0.29883172234553396,15.0,Izard
JACKSON,0.6053716687638734,0.464168391882515,-0.26258380062624886,-0.2629442054914383,0.8970502372866487,1.3312251593187985,1.3409688459649727,0.5725219067450331,-0.31521375043867933,-0.3102603511581072,-0.0996414928118569,-0.35415833762667015,0.011097391820896004,-0.9105850559998754,-0.37106287080821265,-0.06173689044145383,-1.2698314921928109,-0.36933700978851786,-0.19584858333713123,-0.787913472754079,1.7738095564383083,-1.4569207957126387,-0.4135368441865615,-0.42266966764361824,-0.7172545667640912,-0.18136903009677013,-0.8592754077869631,-0.18888279025067795,-0.7434853548235861,-0.26310761141019817,-0.41122161801629675,-0.24940055364089392,1.1386174061909853,-0.32643105288458085,-0.2568276015144894,1.431209065081056,-0.29883172234553396,25.0,Jackson
JEFFERSON,-0.674344957421535,-0.6205184245856504,-0.2790829285914355,-0.2788614483655191,0.12373106721195164,-0.6663853898691261,-0.665429029079609,0.46544174962314416,-0.31521375043867933,-0.3102603511581072,-0.0996414928118569,0.9997870272639587,1.9900401829262784,0.5196763129866061,0.6851258799204185,2.138250454509753,0.17496191113105175,0.42786124831789285,2.1697700022554094,-0.4423373882128164,0.6417867252748428,-0.9218319118937606,0.722547131875671,0.6739048012062171,-0.7968720052079515,0.8228708387002083,0.16461988371001782,0.8403354560451052,0.6360367825151991,0.8119400569895078,0.7112044008053,-0.2626688566608558,-0.5150171670727037,-0.32643105288458085,-0.26243570305947483,-0.5639376226338633,-0.29883172234553396,56.0,Jefferson
JOHNSON,0.22470961121818672,0.1400166652994453,-0.2790829285914355,-0.2788614483655191,0.3815041239035173,0.7535303985823727,0.7612905153273039,0.5725219067450331,-0.31521375043867933,-0.3102603511581072,1.0581645856357775,-0.26446408273724087,-0.785689026613996,-0.2628459212727816,-0.23702687116579427,-0.4938253380488414,-0.7567071528949921,-0.22737084538085411,-0.2612741421704206,-0.5874120237036776,-0.5504012466368736,0.9788319435684152,-0.1874047479848527,0.2648011339406315,1.3133142436154026,-1.377155285209019,0.7022199378520303,-1.3607023086584311,0.5964323628325466,-1.3160859160914027,0.1869118676236357,-0.2626688566608558,0.438818760161711,-0.32643105288458085,-0.26243570305947483,0.5868127090398948,-0.29883172234553396,21.0,Johnson
LAFAYETTE,0.692750913791406,0.8269519546144154,1.2576381760730408,1.2578506746036293,-1.4229072729374423,-0.6961719219979201,-0.6930084684078804,-1.1407606072051903,-0.31521375043867933,-0.3102603511581072,-0.7311720810560212,-0.556838983731388,1.1305053541242993,-0.9678458499188238,-0.5550136421589107,1.048433831607675,-1.287071320671319,-0.5342381126978867,0.713445526003305,-1.3538504112041208,-0.36966091346870167,0.25360136772251807,-0.6889909772653235,0.5838313883697129,-0.7179099140805014,1.5046295177184235,1.1508596566752034,1.5577529104114123,0.09736739670336536,1.5235726638416989,0.3814106048470109,2.4938406711316694,-0.5199318550567867,-0.32643105288458085,2.9998201326192953,-0.5700422383600109,-0.29883172234553396,71.0,Lafayette
LAWRENCE,-0.643822089421858,-0.5861344022928392,-0.2328846028876122,-0.23415829011599668,-0.13404198947961404,-0.6839840382094411,-0.6807193704875036,0.2512814353793662,-0.31521375043867933,-0.3102603511581072,0.9529094875950835,-0.36739764547649656,-1.0431942955732665,-0.4394105231810996,-0.3814047708203945,-1.0811864848637287,-0.8091449645171211,-0.3778448775465489,-1.1554234462253732,-0.41698018200946396,1.2694913329534452,-0.8060961455559232,-0.3488351605857731,-0.6066219604054153,-0.5666824167722797,-0.6233223355149234,-1.0005180092334964,-0.6596753354338145,-0.7260860012660048,-0.70110310729742,-0.34734153804938994,-0.2240550126395671,-0.5095479772723969,-0.32643105288458085,-0.2395864734946278,-0.5563381267632173,-0.29883172234553396,17.0,Lawrence
LEE,-0.6895714397233625,-0.6314003317073239,-0.27513081189279776,-0.27491287520946406,-1.1651342162458767,-0.6960626136231355,-0.6928908467483005,-0.7124399787176345,-0.31521375043867933,-0.3102603511581072,-0.415406786933939,-0.4741755413957484,2.2528731471053955,-1.9573878775774867,-0.505631958080125,2.1353427260601747,-0.7735878182801981,-0.49805994404963616,2.0237740793033474,-2.1584368080370413,1.5991940256991475,-1.549076549517408,-0.9102485186951861,0.3784327843720184,-0.8502459615507064,0.5202004619341561,0.6553570632384418,0.509185821797856,0.2190037919343555,0.503709918611344,0.43242920538545065,-0.2578499384587271,-0.5197914342704406,-0.32643105288458085,-0.2576831516086725,-0.5697844015842867,-0.29883172234553396,49.0,Lee
LINCOLN,-0.6868029883957575,-0.6302513004944499,-0.2790829285914355,-0.2788614483655191,-0.9073611595543111,-0.6860608973303478,-0.6836873375614297,-0.4982796644738566,-0.31521375043867933,-0.3102603511581072,-0.5206618849746331,-0.4348687764751459,0.8848394078758,0.12577238998373003,-0.4397067878993783,0.7088111486968883,0.12994680343716938,-0.4295392502878318,0.5680553952626624,0.40219221839175634,0.577115711764593,-0.7881241315971135,-0.7272871693119659,-0.23291335335574737,-0.8385382322117694,0.9965698971961586,1.0609443414367306,0.9886193926884178,0.9360747749230731,1.0045432978530227,0.9785209434963524,-0.2626688566608558,-0.5102721243764062,-0.32643105288458085,-0.26243570305947483,-0.5537242617443267,-0.29883172234553396,64.0,Lincoln
LITTLE RIVER,0.6946542240791345,0.8282369315540187,1.2576381760730408,1.2578506746036293,-1.1651342162458767,-0.6961719219979201,-0.6930084684078804,-1.1407606072051903,0.5368548737812107,0.5449489224392292,-0.7311720810560212,-0.4526308292426148,0.4065307703606493,0.0822290170255846,-0.45681890080613274,0.1871646648424785,-0.27004116147043955,-0.44398210557280093,0.07494053516731577,0.7332944993921674,-0.11743229004038191,-0.38424868866057293,-0.5796995201063225,1.5057972957810257,-0.5379996588630525,1.0743128892688514,0.8403584510348368,1.1387485189869253,0.40157955402253864,1.0793806600477374,1.272367368639876,1.4685437239361667,-0.5199318550567867,1.3607958139772414,1.4449343987881056,-0.5700422383600109,0.9779253129971784,59.0,Little River
LOGAN,-0.23502633737221756,-0.25399971697816337,-0.2790829285914355,-0.2788614483655191,0.3815041239035173,0.02744951907589995,0.02213872484660227,1.000842535232589,-0.31521375043867933,-0.3102603511581072,1.0581645856357775,-0.27052867251317064,-0.8744839469447789,-0.16342608128164038,-0.29365854700569716,-0.8433342976881951,0.4426581366723309,-0.30026385708138686,-0.9324919124230544,0.0834319404106761,-0.17895818036668978,0.5836252668849469,-0.39001361553830216,0.21161630730627545,0.42645792464536564,-0.303628047289267,0.14651976235557973,-0.2489207630821015,-0.5009899333387693,-0.24063697982568763,-0.3796490777992058,-0.2626688566608558,-0.042283846684737725,-0.32643105288458085,-0.26243570305947483,-0.05281110150751945,-0.29883172234553396,30.0,Logan
LONOKE,-0.568451694140644,-0.5369003184414644,-0.2790829285914355,-0.2788614483655191,0.3815041239035173,-0.49914357644874174,-0.5085663308440467,0.46544174962314416,-0.31521375043867933,-0.3102603511581072,-0.31015168889324496,0.3532400833555123,-0.5755410484978097,2.5775411529045074,0.523795793647912,-0.6403748519076053,2.718674658928707,0.5344858247659436,-0.5793150531655765,2.1490344457368598,1.2960610792242804,-1.3699714793742197,0.27443932680191496,0.742915061071815,-0.7763543117569259,0.48100028408575907,-0.27567684203069037,0.4906227242244743,0.4061230468981035,0.44657241096772265,0.46357147856072367,-0.2626688566608558,-0.4674969221482719,-0.32643105288458085,-0.26243570305947483,-0.5049119356694843,-0.29883172234553396,45.0,Lonoke
MADISON,-0.12740279201157342,-0.15459077861979165,-0.27121706525919537,-0.27116489282052286,2.185915520744477,0.18212086939605937,0.19198899092257188,-0.8195201358395235,0.8466980098611707,0.7175945296173649,-0.5206618849746331,-0.4399877014046595,-0.7815452636652261,-0.26624381453830165,-0.4115775306497497,-0.8636883968352457,0.2618793797101969,-0.3730305924515592,-0.7701395997626701,-0.2990579531611305,-0.3478636309774031,1.0042080258245658,-0.46436958231548514,-1.1320244278452671,2.9851090500006636,-1.9466211389242378,-0.7761472703760612,-1.9118213871061598,-1.5346014331433262,-1.9082457140546623,-1.0438510111224002,-0.2543725472516945,0.4132478576652517,1.1496756473834682,-0.25985189729545627,1.2213220198303667,0.6585954287637996,11.0,Madison
MARION,1.3943802971312969,1.1110758394283575,-0.2790829285914355,-0.2788614483655191,1.9281424640529115,2.6008419324415204,2.582940983440051,1.5362433208420339,-0.31521375043867933,-0.3102603511581072,1.0581645856357775,-0.4009893054557144,-0.9768940883929484,-0.531405337147586,-0.39494519660953975,-1.059087748646931,-0.1505595724318901,-0.36821630735656946,-1.140884433151309,-0.7136370545831973,-0.6113552210354176,0.9103401626931003,-0.29917092114108684,2.6177179484529316,0.9152303183703021,-1.29414720283531,-2.4172682948027475,-1.2833551417171085,-2.30609148112252,-1.2785892340199208,-2.62346121200957,-0.2626688566608558,2.5283730198222947,-0.32643105288458085,-0.26243570305947483,2.355773832478858,-0.29883172234553396,4.0,Marion
MILLER,0.7096730725313916,0.8387040756574058,1.2584055773737473,1.258685963542001,-0.9073611595543111,-0.6961719219979201,-0.6930084684078804,-0.9266002929614124,6.950607790636383,6.982342363699178,-0.7311720810560212,0.09863010242368059,0.39350751537880113,0.433596350260099,0.08143967869386669,0.4139674839096134,0.91759146704901,0.038614459982003545,0.4777923557611799,0.2425315793325951,0.17975307156665676,-0.548217705208051,0.4371286198771055,0.005492810363876997,-0.6919478858607523,1.4169288283380648,0.9082339787894824,1.5101913529605229,-0.19462975526065662,1.4423141653741074,0.3019918739131245,0.3210116107546616,-0.5199318550567867,3.735151043194313,0.23097167935651486,-0.5700422383600109,2.7746456016825305,70.0,Miller
MISSISSIPPI,-0.6888443751934502,-0.6306482849477947,-0.2743246568264058,-0.27412248984485516,-0.13404198947961404,-0.6960626136231355,-0.6928908467483005,0.03712112113558828,-0.31521375043867933,-0.3102603511581072,0.11086870326953119,0.33578639955970085,1.0405265015224396,-0.3615106738715851,0.1350682942209539,0.994350082445512,-0.2715975348747493,0.008387063401986191,1.0090721251759454,-0.08767310144822829,2.0771507378852045,-1.7189020691206327,0.11686433098208428,0.060297527177546766,-0.7650299714444572,-0.2916857076497315,-0.35772485767682677,-0.28877238541904776,-0.24001504204226487,-0.3272084228431703,-0.5221261085081041,-0.26126912432910077,-0.519897870303478,-0.32643105288458085,-0.2616074300349094,-0.5699943969287354,-0.29883172234553396,28.0,Mississippi
MONROE,-0.6724416471338066,-0.6191965510939837,-0.2790829285914355,-0.2788614483655191,-0.13404198947961404,-0.6633794095625506,-0.6629492713789102,0.14420127825747725,-0.31521375043867933,-0.3102603511581072,-1.0469373751781033,-0.5219932899340964,1.3009916011594027,-1.4713632927094011,-0.546057769983413,1.3083847550000063,-0.864934965010071,-0.5264879029220181,1.2853133735831668,-0.7120662541989188,0.8700684505452443,-1.6643579372631143,-0.8430390054394817,0.1654976749266954,-0.9038290762274128,0.6386891884723388,0.23555176415275544,0.6385720776509386,0.2761919542873604,0.6339611593558776,0.4075630515339758,-0.2626688566608558,-0.47590589846478404,-0.32643105288458085,-0.26243570305947483,-0.5100647321806239,-0.29883172234553396,47.0,Monroe
MONTGOMERY,-0.5689707787645699,-0.5375158549259871,-0.2790829285914355,-0.2788614483655191,0.12373106721195164,-0.49996338925962597,-0.5097210414477308,0.7866822209888111,-0.31521375043867933,-0.3102603511581072,0.21612380131022524,-0.5427362427609207,-1.0431942955732665,-0.14580737546042546,-0.5222820617079847,-0.9113751434083356,0.12443963600653485,-0.4998909508398618,-0.94581934107428,-0.3376547626034014,-0.9851993910335234,1.5222675766481122,-0.5588281726829036,0.0474839957047535,1.0205979689069533,-0.14189369012427072,-0.11315712981019022,-0.17027178973529944,0.3803963443342911,-0.09636744934899542,-0.4367346664042619,-0.2626688566608558,-0.2221827271868208,-0.32643105288458085,-0.26243570305947483,-0.23019004985360408,-0.29883172234553396,41.0,Montgomery
NEVADA,0.6930969702073566,0.8273493407297844,1.2580218767233942,1.258268319072815,-0.9073611595543111,-0.6961719219979201,-0.6930084684078804,-1.0336804500833014,-0.31521375043867933,-0.3102603511581072,-0.625916983015327,-0.5281401114358015,0.7818373002920918,-0.47993354656989384,-0.5309891596563853,0.7448669814716639,0.5846472795578215,-0.5026374610252001,0.6607416036098221,-0.5049450035290581,-0.932190172833445,0.577423193392278,-0.6142777292431574,-0.9879653410155655,-0.6002615954382513,1.2080041546944862,1.3936466047046225,1.2032438163762114,0.9853119401215115,1.2164110323549335,1.171489144291553,2.1079365773954977,-0.5199318550567867,-0.32643105288458085,1.741527573522444,-0.5700422383600109,-0.29883172234553396,61.0,Nevada
NEWTON,-0.6494288954730901,-0.5984894010825272,-0.26795560973119337,-0.2681265636364879,1.41259635066978,-0.6428840892904446,-0.6432650632397623,2.3928845778171457,-0.31521375043867933,-0.3102603511581072,3.4790318405717406,-0.5558316450906402,-0.9330885943630957,-0.9850870120438698,-0.5428414746187998,-1.0061670908645997,-1.2997617499679985,-0.5197636883303275,-1.1439133942084059,-0.5604840171160468,-1.0433405124207784,1.7314658788180823,-0.5765920947351855,-1.1219864543798268,2.7933997802264816,-2.0665342970678804,-0.5850487166058957,-2.048774968527561,-0.5486348822986326,-2.033381696586508,-0.9260645214432384,-0.24352254456170497,-0.4331441924097458,-0.32643105288458085,-0.25535471805976023,-0.4995573614806525,-0.29883172234553396,12.0,Newton
OUACHITA,-0.6911286935951403,-0.6335877664375639,-0.2790829285914355,-0.2788614483655191,-0.6495881028627454,-0.6928926707543831,-0.6899463533959366,-0.8195201358395235,-0.31521375043867933,-0.3102603511581072,-0.8364271790967152,-0.14093147269126777,1.2388351569278544,0.06486200700181563,-0.22672051032891202,1.265931919636158,-0.6417749630382713,-0.2762871388542086,1.2029256328301354,-0.7338330595239204,-1.3098366113736934,0.32865978794599526,-0.01765952775480695,-0.515951776536133,-0.8690877920115174,1.3624567593464079,1.1642033721918286,1.3387347851388343,1.1511359124462286,1.3518476900890035,1.1833239993338067,-0.2626688566608558,-0.5183344885544638,-0.32643105288458085,-0.26243570305947483,-0.5669758780218236,-0.29883172234553396,66.0,Ouachita
PERRY,-0.26478718914397126,-0.27676055280221656,-0.2790829285914355,-0.2788614483655191,0.12373106721195164,-0.019553082081462978,-0.02055927784794787,0.7866822209888111,-0.31521375043867933,-0.3102603511581072,-0.31015168889324496,-0.5229183968490688,-1.0431942955732665,0.4637998459536103,-0.5052587967394793,-0.9544095244620996,1.4911749270527077,-0.47566167995196273,-1.0772762509522777,0.17868976371442025,-0.8151171122209921,1.0289515646862957,-0.44136923864443733,-0.20747754874306382,0.20180483597269389,0.02457737340422452,-0.3741732888480042,0.03448945692823751,-0.1515366537917053,0.05550064430284103,-0.8106201500910265,-0.2626688566608558,0.4693066452719647,-0.32643105288458085,-0.26243570305947483,0.5590790178350574,-0.29883172234553396,39.0,Perry
PHILLIPS,-0.6894676227985773,-0.6313004602434797,-0.27501570169769185,-0.274807912396495,-1.680680329629008,-0.6960626136231355,-0.6928908467483005,-1.2478407643270795,-0.31521375043867933,-0.3102603511581072,-0.625916983015327,-0.1891398219270486,2.487291736778662,-1.5632322587771645,-0.3042492212449761,2.543587800381017,-1.313529668544585,-0.3722887190106919,2.4108753024003087,-1.359236012521647,1.588420687731866,-1.5902766977457057,-0.6656601097510177,1.2571843937473226,-0.9146229944957349,0.750070883441681,1.2153066232346845,0.7263724867065844,0.5633265830588748,0.7579894694436827,0.40923380604568366,-0.2603155394736036,-0.5198650562860462,-0.32643105288458085,-0.2589543425517783,-0.56988551372673,-0.29883172234553396,58.0,Phillips
PIKE,-0.6482176980172629,-0.5999310766663758,-0.2790829285914355,-0.2788614483655191,0.12373106721195164,-0.6251214783879528,-0.6268083631371976,-0.9266002929614124,-0.31521375043867933,-0.3102603511581072,-0.625916983015327,-0.500428019849519,-0.7028137676385986,-0.3120524496734604,-0.490225725587751,-0.6549134941554986,-0.3751562267768989,-0.4732624296751154,-0.7059256253522195,-0.08800970153057368,-0.9427589501971423,0.8590528604161105,-0.17616143659843972,-0.15770985472525598,0.17157932074560683,0.3919901555519483,0.9893530274059902,0.35676845112398514,1.6203417551790835,0.4176442616784781,1.321286948919863,-0.2626688566608558,-0.431970949553544,-0.32643105288458085,-0.26243570305947483,-0.39314881217602615,-0.29883172234553396,52.0,Pike
POINSETT,-0.6631673351863299,-0.6054897262323625,-0.2521471429366424,-0.2527431402961094,-1.1651342162458767,-0.6870993268908012,-0.6838558598885878,-0.0699590359863007,-0.31521375043867933,-0.3102603511581072,0.005613605228837145,-0.2062234629568711,-0.5684374548713471,-0.5724317521312721,-0.25403236654664996,-0.6456087631168469,-0.46805974691108165,-0.27131500834626837,-0.6507985341130591,-0.40149657822157625,1.8822032272007936,-1.5672342653239602,-0.3712811880935606,-0.38499988269810903,-0.7652582028311606,-0.12461443709426209,-0.4204240409196366,-0.11724562940752002,-0.40702563866638475,-0.19770193537550393,-0.2673458352126678,-0.24701369192790965,-0.5145653416244803,-0.32643105288458085,-0.24699614323643265,-0.562227120720352,-0.29883172234553396,27.0,Poinsett
POLK,-0.4305482123843203,-0.41826871067986754,-0.2790829285914355,-0.2788614483655191,0.8970502372866487,-0.28134663969049606,-0.28602034233027995,1.000842535232589,-0.31521375043867933,-0.3102603511581072,2.8475012523275764,-0.31692792378189444,-0.7489871262106058,-0.8879324342297419,-0.3237069197215038,-0.8084415562932514,-0.42352352334160226,-0.33041233095492895,-0.7131951318892517,-0.6233160324871854,-0.8496586397437458,1.1849579192838176,-0.3373001257242301,-0.9718728461282833,1.7574362934104433,-0.42424038783962276,0.10400291147132522,-0.43838750369666796,0.4741748938901436,-0.38550741403357147,0.09008299655438166,-0.2626688566608558,-0.21777527000946276,-0.32643105288458085,-0.26243570305947483,-0.24284566001740684,-0.29883172234553396,40.0,Polk
POPE,0.27142722737152103,0.17695761659419665,-0.2790829285914355,-0.2788614483655191,0.3815041239035173,0.8273135515619541,0.8305895889692161,1.000842535232589,-0.31521375043867933,-0.3102603511581072,0.8476543895543894,0.386975648854837,-0.7004459030964444,0.689570976262607,0.4064809759839525,-0.6258362096597121,0.837258655180406,0.36663301263440073,-0.4490697277104173,0.3266815999189415,-0.5145468054936981,0.8913057155367996,0.13173741544694062,0.06492058249340224,0.8467191685190878,-0.9529009630676911,0.31565957648760534,-0.9518561688530205,0.5343632233437727,-0.9015381284991586,-0.1520696530792228,-0.2626688566608558,-0.09983856269498828,-0.32643105288458085,-0.26243570305947483,-0.1151354296140369,-0.29883172234553396,22.0,Pope
PRAIRIE,-0.6457953031056085,-0.5980296908537671,-0.2790829285914355,-0.2788614483655191,0.3815041239035173,-0.6212956852704931,-0.6232414740660877,0.14420127825747725,-0.31521375043867933,-0.3102603511581072,-0.5206618849746331,-0.5366922109164347,-0.2878455066260731,0.21348837539363566,-0.536000183373628,-0.4443939544060043,0.06266358395854736,-0.5030794281814616,-0.6295958067133821,-0.11942570921614301,1.1293919384725941,-1.3867988241237232,-0.6740768983085382,1.4762182572717064,-0.8401541069451146,0.49710865641794527,-0.36157281879709036,0.5044042539814586,0.04233053919033533,0.468642118586796,0.37516909641033624,-0.2626688566608558,-0.41008897698296587,-0.32643105288458085,-0.26243570305947483,-0.4204009265428142,-0.29883172234553396,46.0,Prairie
PULASKI,1.007662252306474,0.707952589438518,-0.2790829285914355,-0.2788614483655191,0.639277180595083,1.9900813883327637,1.826705239403267,0.6796020638669221,-0.31521375043867933,-0.3102603511581072,0.5318890954323073,6.698363391767797,1.0855159278233695,2.0751563412024363,6.110411994042875,1.2362730894504557,1.747258212577214,5.6661980451990726,1.4410019719179383,1.2775768325446561,-0.5215170288292229,-0.2372758661426151,5.521198979930863,1.5972939769353027,-0.49004567505485114,0.3087879966632056,-0.2942413898297631,0.3309091488761102,0.22945381939711154,0.28874944923060475,0.0026030665220249847,-0.2626688566608558,-0.41524338022829316,-0.32643105288458085,-0.26243570305947483,-0.4472311248895142,-0.29883172234553396,44.0,Pulaski
RANDOLPH,-0.6229548875400355,-0.5694503538701552,-0.23959936426879283,-0.2406362377973086,-0.39181504617117974,-0.6414630804182453,-0.637858274287159,0.3583615925012552,-0.31521375043867933,-0.3102603511581072,0.7423992915136954,-0.3587427563386442,-0.959135104326792,-0.33772542101294495,-0.37156041926240696,-1.0317551012208916,-0.8205184624716925,-0.3406722827967103,-0.9779263282795053,-0.1070837061968122,0.34715349910682897,0.11403876273892923,-0.49114032448728046,-0.6381010807721088,-0.33115290195105607,-0.9942166339547798,-1.1321517713535325,-1.0247620661447872,-0.7428507373661403,-1.029198369297678,-0.47491351690382655,-0.2304145408848637,-0.47441002380147523,-0.32643105288458085,-0.24122896622130316,-0.5117853771742394,-0.29883172234553396,8.0,Randolph
SALINE,-0.3298457953426886,-0.34849202857494566,-0.2790829285914355,-0.2788614483655191,0.3815041239035173,-0.12230295437895404,-0.1551233496379365,0.5725219067450331,-0.31521375043867933,-0.3102603511581072,-0.0996414928118569,0.9843891366125302,-0.7347799389576803,3.0940209292635497,1.2125805501293412,-0.6851538700311165,2.8470156042687123,1.314257949282621,-0.3648646103231284,3.19215810092521,-1.0765231513712337,0.8181389471998278,1.8832767414133138,-0.5507069736404289,0.023683901851901907,0.19633016097233735,-0.15115368517325992,0.20509035747306972,0.41617123605182993,0.2065068423704081,-0.14042639614045296,-0.2626688566608558,-0.4232206073935371,-0.32643105288458085,-0.26243570305947483,-0.4533477783486862,-0.29883172234553396,43.0,Saline
SCOTT,-0.22291436281394572,-0.24471958667705376,-0.2790829285914355,-0.2788614483655191,0.3815041239035173,0.04657848466319882,0.0395477089307373,1.000842535232589,-0.31521375043867933,-0.3102603511581072,-0.0996414928118569,-0.5067393048027747,-1.0431942955732665,-0.6057814452928575,-0.49125636167143927,-0.535696627722774,0.24715369288480457,-0.47855025100895654,-0.5920366896053826,-0.13580691322361846,-0.8911824701948508,1.5106274072681523,-0.6920756500936583,-0.9488737857269606,1.132712019309012,-0.32215087537063886,-0.8481441811580703,-0.2844658774772891,-1.0704028842017483,-0.2518308795734242,-1.307057009470216,-0.2626688566608558,0.4806000518311182,-0.32643105288458085,-0.26243570305947483,0.513404665188526,-0.29883172234553396,37.0,Scott
SEARCY,1.0792959304082532,0.8681694151871332,-0.26968226265778267,-0.2697923216116824,1.41259635066978,2.089825280323679,2.111074765481941,1.8574837922077008,-0.31521375043867933,-0.3102603511581072,2.8475012523275764,-0.5629652473016492,-1.0431942955732665,-1.7542693690386235,-0.5452403689515224,-1.003259362415021,-1.0636718766373177,-0.5102456099294134,-1.0475924325927297,-1.1734327670669942,-0.4844721951939692,1.1150748043520897,-0.5578936600184844,-1.0726991273135593,1.6970896080929843,-1.454144040798547,-1.576664613084742,-1.4396843320377923,-1.315658750226297,-1.4307301156241534,-1.9242287292559805,-0.24581408564932045,4.577870781624764,-0.32643105288458085,-0.2562022111949188,4.01060087714249,-0.29883172234553396,13.0,Searcy
SEBASTIAN,-0.6707113650540535,-0.6180371066845887,-0.2790829285914355,-0.2788614483655191,-1.1651342162458767,-0.6633794095625506,-0.6627056683317419,-1.3549209214489684,0.4593940897612207,0.3749762360255408,-1.1521924732187974,1.6328274102138087,0.008729527278741843,1.1063792168330624,1.5435568896944594,0.12377618464166396,0.7754826031324186,1.3834415937788174,0.3487586147288598,0.5839562628582646,-0.31443154207206986,0.14220602970923493,2.4716573344355464,-0.059047690772079296,0.304227784328234,-0.07953645822689975,-1.0504493455655095,-0.00511580656647103,-2.0131174166834893,-0.02611323716441142,-1.3132982799265356,-0.2626688566608558,-0.5159768994560893,-0.19921691821410387,-0.26243570305947483,-0.5602172060346927,-0.15443364705498516,29.0,Sebastian
SEVIER,6.404412059056459,6.85181260834038,7.588698906900473,7.588461575945888,-1.1651342162458767,-0.693439212628306,-0.6905251959660661,-1.0336804500833014,-0.31521375043867933,-0.3102603511581072,-0.415406786933939,-0.4088629931987012,0.10581197350706453,0.24872578703606546,-0.387748513611372,0.5058517029162987,-0.10338948617819423,-0.3837956496147821,0.7952274745449166,0.5831708626661254,-0.5539142261290175,0.14549410590886594,-0.22003966007484405,0.404766302388892,-0.24401179171902643,0.727928509934658,0.9704907075509943,0.7236583389713901,1.13522830870284,0.7390248603602401,1.577750847421962,7.402883497661716,-0.5175649786913553,-0.32643105288458085,7.297545694143756,-0.5650443462782767,-0.29883172234553396,50.0,Sevier
SHARP,1.1206496721143528,0.8997348803828883,-0.2717926162347251,-0.271828248025809,0.639277180595083,2.1581430145640326,2.1739237608091524,1.643323477963923,-0.31521375043867933,-0.3102603511581072,1.0581645856357775,-0.380863090572205,-0.9354564589052498,-0.894350677064613,-0.38408797855551385,-1.0061670908645997,-0.663085306574205,-0.361192186480273,-1.103931108254729,-1.1053273504057777,-0.4788750165795996,1.038811349794712,-0.224912489687893,-0.9275446455951096,0.09906875891003396,-0.9902900929259089,-1.2109040263445514,-1.0449150252356072,-0.7019491577071789,-1.0366530933404012,-0.6804301305052919,-0.2563612499958671,1.995217468077476,-0.32643105288458085,-0.25956459344051125,1.7903955418233188,-0.29883172234553396,7.0,Sharp
ST. FRANCIS,-0.6894330171569822,-0.6312660335614038,-0.27497733163265653,-0.2747717306759835,-1.1651342162458767,-0.6960626136231355,-0.6928908467483005,-0.4982796644738566,-0.31521375043867933,-0.3102603511581072,-0.20489659085255094,-0.12985074764304352,1.9545222147939647,-0.6666918282747719,-0.18872913193364615,2.006821128588798,-1.372552136877255,-0.2693419406843874,1.9589543126814781,-1.0394659342935306,1.5355925580668117,-1.3930000185171687,-0.3655160606232899,-0.3541715025340283,-0.8024668681350792,0.3502697757796292,0.36792465100083416,0.343189387966804,0.06378117986901714,0.31377336073406403,0.3576270935947545,-0.2605280074391345,-0.5198716247900803,-0.32643105288458085,-0.2603243378841651,-0.5699404926575484,-0.29883172234553396,48.0,St. Francis
STONE,1.1019626256530193,0.8868885577622114,-0.2652697051787211,-0.26553538456396314,0.8970502372866487,2.119338541515512,2.1385923802609077,1.107922692354478,-0.31521375043867933,-0.3102603511581072,0.5318890954323073,-0.4963986652865284,-1.0431942955732665,-1.568266174726083,-0.47062587041002496,-1.048619926228448,-0.7932220673807212,-0.4387258533215499,-1.1663277060309214,-1.0375585338269067,-0.8007712469122423,1.3606883797597793,-0.5394639720282253,-0.9017065269779437,1.033084040181645,-1.1347297018156637,-1.2255126559653344,-1.16127438195952,-0.9014598819853226,-1.1494425493640728,-1.4663803891896292,-0.24487656778481662,3.1783218319982476,-0.32643105288458085,-0.25491545253577,3.33457083918176,-0.29883172234553396,14.0,Stone
UNION,0.692750913791406,0.8269519546144154,1.2576381760730408,1.2578506746036293,-1.4229072729374423,-0.6961719219979201,-0.6930084684078804,-1.0336804500833014,-0.31521375043867933,-0.3102603511581072,-0.625916983015327,0.2052435348913818,0.9268690034990373,0.17208441671378064,0.04904572040828685,0.9100259574077311,0.25529472299965567,-0.017357523450237465,0.8630762022238831,0.22906757603877964,-1.3422011922512154,0.34347814627566486,0.04754281674352512,-0.522471198003319,-0.8834496311949055,1.6217751716915023,1.0351052459665244,1.594507756558427,0.8804037266115133,1.6081754295568031,1.3204255300562788,0.2543918952376347,-0.5199318550567867,-0.32643105288458085,0.34949196788607717,-0.5700422383600109,-0.29883172234553396,73.0,Union
VAN BUREN,0.23491827548873015,0.15140682914558584,-0.26450230387801477,-0.2647950476860989,0.8970502372866487,0.7488847926540286,0.7575500207556654,1.107922692354478,-0.31521375043867933,-0.3102603511581072,1.5844400758392478,-0.39992029302063525,-0.9212492716523245,-0.47024325836822567,-0.38353712133837015,-1.0015147253452736,-0.5209764426576136,-0.38447438489046915,-1.0906036796035032,-0.43683958686784174,-0.7630081904292217,1.24718630237695,-0.25247248364706004,-0.26954282498282844,1.2623739942477763,-1.2317133809668355,0.019166053991859885,-1.2508907847666908,0.563316291313949,-1.23548451655775,-0.036883480955450396,-0.24933141613492424,0.825493131539386,-0.32643105288458085,-0.2567983792278517,0.8504563109696854,-0.29883172234553396,23.0,Van Buren
WASHINGTON,0.9014229326096325,0.7238152246179751,-0.24052101323094116,-0.24117064830062343,1.9281424640529115,1.7632665106547916,1.7861037796840344,-1.0336804500833014,0.8466980098611707,0.7834383028094147,-0.625916983015327,2.509499838704486,-0.331651000655926,1.2899913010698665,2.9175191763644093,-0.06697080165069538,1.2616697104325683,3.247153953567752,0.3166516275236344,1.2020662140718412,0.002008196263837284,0.37685776031950935,1.7557070451684837,-0.7834707799574737,2.3276935644608723,-1.5327191296301796,-0.5321339149554839,-1.5112390682726307,-1.4176059388158901,-1.5201468191450593,-0.5895466424496217,-0.25899981736621674,-0.2838579795059995,-0.22089213174464198,-0.2612295334524259,-0.07154904684745407,-0.22511172322594705,10.0,Washington
WHITE,-0.02168255693865773,-0.07258344490004906,-0.2687230110318997,-0.26886690051435214,0.639277180595083,0.34963595375340517,0.34462535029655894,0.3583615925012552,-0.31521375043867933,-0.3102603511581072,-0.20489659085255094,0.6479791464656998,-0.6708475963195167,0.7202778635510101,0.6787465979541414,-0.7340037079840379,0.7230447915102897,0.578793032181144,-0.6798765602611877,0.05156713261531293,0.5582931525818122,-0.5397889549990157,0.31547821937790516,-0.3997084483534657,-0.48186682855670315,-0.08756719543295417,-0.10981965508648077,-0.10263158268573608,0.6254631850699292,-0.1502043285430014,0.5597811996326522,-0.26038425683447036,-0.287911633127987,-0.32643105288458085,-0.26139579412326513,-0.27311284232169136,-0.29883172234553396,33.0,White
WOODRUFF,-0.2756879662464159,-0.28595542448523015,-0.2790829285914355,-0.2788614483655191,0.3815041239035173,-0.03676915111003196,-0.03780832172894904,0.3583615925012552,-0.31521375043867933,-0.3102603511581072,-0.7311720810560212,-0.5530974402086108,0.772365842123475,-1.5934357544706759,-0.5618549334040825,0.5145748882650347,-1.343699368381974,-0.5348537098083936,0.3529991602087952,-0.4520987906008325,1.622179009291711,-1.6864916291888927,-0.8634433668423495,-0.3378938316011905,-0.8526625584571228,0.23706031055535387,-0.5893739696231373,0.23875332840372337,-0.2993259977192794,0.17221926046603372,-0.006906464910248678,-0.2626688566608558,0.605806867039784,-0.32643105288458085,-0.26243570305947483,0.8706292516951128,-0.29883172234553396,34.0,Woodruff
YELL,-0.22170316535811854,-0.24287147634932113,-0.2790829285914355,-0.2788614483655191,0.3815041239035173,0.048491381221928705,0.04301465629432944,0.6796020638669221,-0.31521375043867933,-0.3102603511581072,0.21612380131022524,-0.29822020616800937,-0.3097482536409995,-0.03241841871103524,-0.29664383773086306,-0.460095688033729,0.27971781334420887,-0.3139648389254887,-0.11891297248687449,0.5980934663167708,-0.552591613360085,0.8701544280051895,-0.6609267560498315,-0.16613373137895676,0.28880414146051797,-0.19726966433557,-0.16916945010115383,-0.17440560110507022,-0.35606191241339546,-0.13943093202158774,-0.8737976656517312,-0.2626688566608558,0.002983939396006751,-0.32643105288458085,-0.26243570305947483,0.04339559300839365,-0.29883172234553396,38.0,Yell
