Date,Year,Month,Precip
1900-01,1900,1,2.39
1900-02,1900,2,4.45
1900-03,1900,3,2.06
1900-04,1900,4,4.45
1900-05,1900,5,3.45
1900-06,1900,6,7.46
1900-07,1900,7,2.84
1900-08,1900,8,3.06
1900-09,1900,9,5.31
1900-10,1900,10,3.09
1900-11,1900,11,5.58
1900-12,1900,12,2.66
1901-01,1901,1,1.88
1901-02,1901,2,2.83
1901-03,1901,3,4.31
1901-04,1901,4,3.21
1901-05,1901,5,1.72
1901-06,1901,6,1.28
1901-07,1901,7,1.65
1901-08,1901,8,3.59
1901-09,1901,9,2.56
1901-10,1901,10,1.52
1901-11,1901,11,2
1901-12,1901,12,5.3
1902-01,1902,1,5.79
1902-02,1902,2,3.11
1902-03,1902,3,5.26
1902-04,1902,4,2.68
1902-05,1902,5,3.21
1902-06,1902,6,5.68
1902-07,1902,7,1.85
1902-08,1902,8,4.45
1902-09,1902,9,4.8
1902-10,1902,10,2.26
1902-11,1902,11,4.97
1902-12,1902,12,7
1903-01,1903,1,3.03
1903-02,1903,2,7.05
1903-03,1903,3,5.29
1903-04,1903,4,2.25
1903-05,1903,5,6.88
1903-06,1903,6,2.23
1903-07,1903,7,3.56
1903-08,1903,8,2.89
1903-09,1903,9,1.6
1903-10,1903,10,2.58
1903-11,1903,11,1.75
1903-12,1903,12,4.01
1904-01,1904,1,4.53
1904-02,1904,2,2.85
1904-03,1904,3,5.6
1904-04,1904,4,4.36
1904-05,1904,5,2.8
1904-06,1904,6,4.26
1904-07,1904,7,3.72
1904-08,1904,8,3.54
1904-09,1904,9,1.75
1904-10,1904,10,0.81
1904-11,1904,11,0.75
1904-12,1904,12,4.14
1905-01,1905,1,3.76
1905-02,1905,2,2.02
1905-03,1905,3,5.04
1905-04,1905,4,5.22
1905-05,1905,5,6.98
1905-06,1905,6,4.59
1905-07,1905,7,6.29
1905-08,1905,8,3.46
1905-09,1905,9,2.05
1905-10,1905,10,4.46
1905-11,1905,11,2.16
1905-12,1905,12,4.98
1906-01,1906,1,6.42
1906-02,1906,2,2.09
1906-03,1906,3,6.45
1906-04,1906,4,3.05
1906-05,1906,5,4.31
1906-06,1906,6,3.97
1906-07,1906,7,5.48
1906-08,1906,8,5.49
1906-09,1906,9,9.3
1906-10,1906,10,2.53
1906-11,1906,11,6.83
1906-12,1906,12,6.85
1907-01,1907,1,6.98
1907-02,1907,2,4.45
1907-03,1907,3,3.2
1907-04,1907,4,6.18
1907-05,1907,5,8.45
1907-06,1907,6,4.92
1907-07,1907,7,1.46
1907-08,1907,8,2.87
1907-09,1907,9,1.18
1907-10,1907,10,3.59
1907-11,1907,11,4.99
1907-12,1907,12,2.73
1908-01,1908,1,4.03
1908-02,1908,2,6.87
1908-03,1908,3,4.16
1908-04,1908,4,7.71
1908-05,1908,5,4.18
1908-06,1908,6,3.49
1908-07,1908,7,2.46
1908-08,1908,8,4.66
1908-09,1908,9,2.73
1908-10,1908,10,0.72
1908-11,1908,11,5.94
1908-12,1908,12,1.31
1909-01,1909,1,2.58
1909-02,1909,2,7.48
1909-03,1909,3,3.9
1909-04,1909,4,5.1
1909-05,1909,5,6.65
1909-06,1909,6,3.81
1909-07,1909,7,3.15
1909-08,1909,8,0.64
1909-09,1909,9,4.74
1909-10,1909,10,0.7
1909-11,1909,11,4.43
1909-12,1909,12,5.06
1910-01,1910,1,2.28
1910-02,1910,2,3.41
1910-03,1910,3,1.33
1910-04,1910,4,5.55
1910-05,1910,5,4.71
1910-06,1910,6,4.18
1910-07,1910,7,5.19
1910-08,1910,8,2.47
1910-09,1910,9,1.85
1910-10,1910,10,7.98
1910-11,1910,11,0.86
1910-12,1910,12,3.96
1911-01,1911,1,1.35
1911-02,1911,2,3.06
1911-03,1911,3,1.37
1911-04,1911,4,9.46
1911-05,1911,5,0.71
1911-06,1911,6,3.13
1911-07,1911,7,5.13
1911-08,1911,8,8.07
1911-09,1911,9,2.64
1911-10,1911,10,1.41
1911-11,1911,11,3.42
1911-12,1911,12,5.51
1912-01,1912,1,3.3
1912-02,1912,2,3.33
1912-03,1912,3,6.44
1912-04,1912,4,9.27
1912-05,1912,5,2.94
1912-06,1912,6,4.81
1912-07,1912,7,3.21
1912-08,1912,8,3.92
1912-09,1912,9,3.26
1912-10,1912,10,3
1912-11,1912,11,1.64
1912-12,1912,12,1.58
1913-01,1913,1,9.58
1913-02,1913,2,4.27
1913-03,1913,3,5.83
1913-04,1913,4,4.63
1913-05,1913,5,1.09
1913-06,1913,6,1.8
1913-07,1913,7,4.54
1913-08,1913,8,1.76
1913-09,1913,9,6.84
1913-10,1913,10,6.75
1913-11,1913,11,2.28
1913-12,1913,12,2.42
1914-01,1914,1,1.52
1914-02,1914,2,4.29
1914-03,1914,3,3.69
1914-04,1914,4,3.43
1914-05,1914,5,1.45
1914-06,1914,6,0.23
1914-07,1914,7,1.07
1914-08,1914,8,6.01
1914-09,1914,9,4.85
1914-10,1914,10,3.05
1914-11,1914,11,1.66
1914-12,1914,12,5.54
1915-01,1915,1,4.37
1915-02,1915,2,3.63
1915-03,1915,3,3.32
1915-04,1915,4,2.13
1915-05,1915,5,5.28
1915-06,1915,6,2.79
1915-07,1915,7,2.49
1915-08,1915,8,10.6
1915-09,1915,9,1.45
1915-10,1915,10,2.84
1915-11,1915,11,5.18
1915-12,1915,12,8.12
1916-01,1916,1,9.68
1916-02,1916,2,1.58
1916-03,1916,3,3
1916-04,1916,4,3.75
1916-05,1916,5,3.71
1916-06,1916,6,5.11
1916-07,1916,7,1.24
1916-08,1916,8,2.66
1916-09,1916,9,2.36
1916-10,1916,10,2.46
1916-11,1916,11,2.51
1916-12,1916,12,4.02
1917-01,1917,1,4.71
1917-02,1917,2,2.14
1917-03,1917,3,5.01
1917-04,1917,4,6.58
1917-05,1917,5,3.63
1917-06,1917,6,5.51
1917-07,1917,7,6.09
1917-08,1917,8,4.57
1917-09,1917,9,1.11
1917-10,1917,10,1.69
1917-11,1917,11,1.06
1917-12,1917,12,1.57
1918-01,1918,1,6.48
1918-02,1918,2,1.05
1918-03,1918,3,0.94
1918-04,1918,4,7.35
1918-05,1918,5,5.76
1918-06,1918,6,3.6
1918-07,1918,7,2.24
1918-08,1918,8,3.2
1918-09,1918,9,5.02
1918-10,1918,10,4.66
1918-11,1918,11,2.87
1918-12,1918,12,6.94
1919-01,1919,1,2.84
1919-02,1919,2,2.66
1919-03,1919,3,7.12
1919-04,1919,4,4.02
1919-05,1919,5,5.15
1919-06,1919,6,6.09
1919-07,1919,7,1.78
1919-08,1919,8,2.7
1919-09,1919,9,2.64
1919-10,1919,10,9.54
1919-11,1919,11,6.9
1919-12,1919,12,2.25
1920-01,1920,1,6.62
1920-02,1920,2,1.61
1920-03,1920,3,4.6
1920-04,1920,4,6
1920-05,1920,5,8.37
1920-06,1920,6,2.85
1920-07,1920,7,5.17
1920-08,1920,8,3.37
1920-09,1920,9,3.36
1920-10,1920,10,4.67
1920-11,1920,11,1.38
1920-12,1920,12,6.22
1921-01,1921,1,1.89
1921-02,1921,2,4.1
1921-03,1921,3,7.67
1921-04,1921,4,8.2
1921-05,1921,5,2.32
1921-06,1921,6,4.15
1921-07,1921,7,3.4
1921-08,1921,8,4.67
1921-09,1921,9,3.99
1921-10,1921,10,0.63
1921-11,1921,11,8.71
1921-12,1921,12,2.37
1922-01,1922,1,2.85
1922-02,1922,2,3.07
1922-03,1922,3,10.13
1922-04,1922,4,4.74
1922-05,1922,5,2.82
1922-06,1922,6,0.76
1922-07,1922,7,6.12
1922-08,1922,8,1.84
1922-09,1922,9,1.74
1922-10,1922,10,1.85
1922-11,1922,11,3.96
1922-12,1922,12,5.37
1923-01,1923,1,6.38
1923-02,1923,2,3.96
1923-03,1923,3,6.16
1923-04,1923,4,5.92
1923-05,1923,5,7.19
1923-06,1923,6,6.05
1923-07,1923,7,2.9
1923-08,1923,8,3.04
1923-09,1923,9,5.19
1923-10,1923,10,4.93
1923-11,1923,11,3.47
1923-12,1923,12,6.21
1924-01,1924,1,3.17
1924-02,1924,2,2.03
1924-03,1924,3,2.38
1924-04,1924,4,4.46
1924-05,1924,5,6.19
1924-06,1924,6,4.35
1924-07,1924,7,2.25
1924-08,1924,8,3.14
1924-09,1924,9,3.48
1924-10,1924,10,0.14
1924-11,1924,11,2.19
1924-12,1924,12,4.5
1925-01,1925,1,1.77
1925-02,1925,2,4.47
1925-03,1925,3,2.73
1925-04,1925,4,2.98
1925-05,1925,5,0.85
1925-06,1925,6,2.39
1925-07,1925,7,2.26
1925-08,1925,8,2.11
1925-09,1925,9,5.97
1925-10,1925,10,8.99
1925-11,1925,11,4.81
1925-12,1925,12,0.95
1926-01,1926,1,5.43
1926-02,1926,2,1.93
1926-03,1926,3,4.86
1926-04,1926,4,2.22
1926-05,1926,5,1.62
1926-06,1926,6,2.54
1926-07,1926,7,3.4
1926-08,1926,8,7.64
1926-09,1926,9,2.36
1926-10,1926,10,3.5
1926-11,1926,11,3.53
1926-12,1926,12,6.99
1927-01,1927,1,6.46
1927-02,1927,2,1.98
1927-03,1927,3,6.77
1927-04,1927,4,13.66
1927-05,1927,5,7.9
1927-06,1927,6,6.32
1927-07,1927,7,3.55
1927-08,1927,8,6.18
1927-09,1927,9,3.06
1927-10,1927,10,2.73
1927-11,1927,11,4.65
1927-12,1927,12,2.77
1928-01,1928,1,2.74
1928-02,1928,2,2.24
1928-03,1928,3,2.28
1928-04,1928,4,7.58
1928-05,1928,5,3.25
1928-06,1928,6,11.48
1928-07,1928,7,1.67
1928-08,1928,8,4.99
1928-09,1928,9,0.85
1928-10,1928,10,5.87
1928-11,1928,11,3.66
1928-12,1928,12,4.15
1929-01,1929,1,4.21
1929-02,1929,2,3.88
1929-03,1929,3,4.63
1929-04,1929,4,6.35
1929-05,1929,5,6.69
1929-06,1929,6,3.66
1929-07,1929,7,2.28
1929-08,1929,8,2.83
1929-09,1929,9,2.5
1929-10,1929,10,3.71
1929-11,1929,11,2.49
1929-12,1929,12,4.1
1930-01,1930,1,11.85
1930-02,1930,2,3.97
1930-03,1930,3,2.97
1930-04,1930,4,1.55
1930-05,1930,5,6.31
1930-06,1930,6,0.63
1930-07,1930,7,0.71
1930-08,1930,8,2.28
1930-09,1930,9,3.14
1930-10,1930,10,3.73
1930-11,1930,11,2.46
1930-12,1930,12,2.71
1931-01,1931,1,1.21
1931-02,1931,2,4.97
1931-03,1931,3,4.42
1931-04,1931,4,2.35
1931-05,1931,5,2.59
1931-06,1931,6,1.64
1931-07,1931,7,5.36
1931-08,1931,8,6.1
1931-09,1931,9,1.13
1931-10,1931,10,1.78
1931-11,1931,11,6.07
1931-12,1931,12,7.66
1932-01,1932,1,9.58
1932-02,1932,2,3.6
1932-03,1932,3,4.42
1932-04,1932,4,3.42
1932-05,1932,5,1.01
1932-06,1932,6,2.94
1932-07,1932,7,4.58
1932-08,1932,8,3.86
1932-09,1932,9,4.09
1932-10,1932,10,4.68
1932-11,1932,11,1.87
1932-12,1932,12,7.82
1933-01,1933,1,4.01
1933-02,1933,2,2.7
1933-03,1933,3,7.17
1933-04,1933,4,4.93
1933-05,1933,5,6.38
1933-06,1933,6,0.88
1933-07,1933,7,5.07
1933-08,1933,8,3.59
1933-09,1933,9,5.64
1933-10,1933,10,2.21
1933-11,1933,11,1.35
1933-12,1933,12,4.93
1934-01,1934,1,2.39
1934-02,1934,2,2.06
1934-03,1934,3,8.07
1934-04,1934,4,2.58
1934-05,1934,5,3.72
1934-06,1934,6,1.57
1934-07,1934,7,1.17
1934-08,1934,8,4.79
1934-09,1934,9,4.07
1934-10,1934,10,0.87
1934-11,1934,11,7.58
1934-12,1934,12,3.51
1935-01,1935,1,6.17
1935-02,1935,2,2.33
1935-03,1935,3,9.55
1935-04,1935,4,2.89
1935-05,1935,5,7.11
1935-06,1935,6,7.72
1935-07,1935,7,2.11
1935-08,1935,8,1.38
1935-09,1935,9,3.3
1935-10,1935,10,5.28
1935-11,1935,11,2.37
1935-12,1935,12,1.75
1936-01,1936,1,0.89
1936-02,1936,2,1.88
1936-03,1936,3,2.8
1936-04,1936,4,2.78
1936-05,1936,5,1.51
1936-06,1936,6,0.9
1936-07,1936,7,5.44
1936-08,1936,8,0.8
1936-09,1936,9,6.15
1936-10,1936,10,4.98
1936-11,1936,11,3.31
1936-12,1936,12,4.72
1937-01,1937,1,16.99
1937-02,1937,2,2
1937-03,1937,3,1.95
1937-04,1937,4,4.19
1937-05,1937,5,2.86
1937-06,1937,6,5.99
1937-07,1937,7,4.25
1937-08,1937,8,1.52
1937-09,1937,9,5.01
1937-10,1937,10,6.63
1937-11,1937,11,3.46
1937-12,1937,12,3.7
1938-01,1938,1,5
1938-02,1938,2,6.27
1938-03,1938,3,6.24
1938-04,1938,4,3.39
1938-05,1938,5,4.64
1938-06,1938,6,3.86
1938-07,1938,7,4.85
1938-08,1938,8,1.86
1938-09,1938,9,1.04
1938-10,1938,10,0.88
1938-11,1938,11,3.28
1938-12,1938,12,2.39
1939-01,1939,1,6.42
1939-02,1939,2,9.73
1939-03,1939,3,3.55
1939-04,1939,4,6.64
1939-05,1939,5,4.7
1939-06,1939,6,3.79
1939-07,1939,7,4.32
1939-08,1939,8,3.25
1939-09,1939,9,1.61
1939-10,1939,10,1.43
1939-11,1939,11,2.3
1939-12,1939,12,2.59
1940-01,1940,1,1.93
1940-02,1940,2,4.47
1940-03,1940,3,3
1940-04,1940,4,5.64
1940-05,1940,5,3.21
1940-06,1940,6,2.61
1940-07,1940,7,1.62
1940-08,1940,8,5.6
1940-09,1940,9,1.23
1940-10,1940,10,1.21
1940-11,1940,11,4.6
1940-12,1940,12,4.37
1941-01,1941,1,2.87
1941-02,1941,2,0.92
1941-03,1941,3,1.26
1941-04,1941,4,3.56
1941-05,1941,5,1.21
1941-06,1941,6,1.55
1941-07,1941,7,4.6
1941-08,1941,8,3.68
1941-09,1941,9,1.41
1941-10,1941,10,6.7
1941-11,1941,11,1.65
1941-12,1941,12,4.2
1942-01,1942,1,5.13
1942-02,1942,2,3.59
1942-03,1942,3,4.02
1942-04,1942,4,6.14
1942-05,1942,5,2.31
1942-06,1942,6,5.21
1942-07,1942,7,1.32
1942-08,1942,8,6.48
1942-09,1942,9,2.11
1942-10,1942,10,2.72
1942-11,1942,11,5.24
1942-12,1942,12,3.97
1943-01,1943,1,0.77
1943-02,1943,2,0.92
1943-03,1943,3,5.75
1943-04,1943,4,2.9
1943-05,1943,5,5.18
1943-06,1943,6,2.86
1943-07,1943,7,0.94
1943-08,1943,8,1.88
1943-09,1943,9,2.57
1943-10,1943,10,3.1
1943-11,1943,11,0.85
1943-12,1943,12,3.17
1944-01,1944,1,1.68
1944-02,1944,2,8.3
1944-03,1944,3,4.58
1944-04,1944,4,7.49
1944-05,1944,5,3.25
1944-06,1944,6,2.11
1944-07,1944,7,2.03
1944-08,1944,8,3.2
1944-09,1944,9,2.98
1944-10,1944,10,1.73
1944-11,1944,11,3.47
1944-12,1944,12,7.42
1945-01,1945,1,3.11
1945-02,1945,2,6.66
1945-03,1945,3,8.4
1945-04,1945,4,7.52
1945-05,1945,5,5.27
1945-06,1945,6,9.88
1945-07,1945,7,2.25
1945-08,1945,8,2.9
1945-09,1945,9,7.22
1945-10,1945,10,3.5
1945-11,1945,11,5.21
1945-12,1945,12,2.76
1946-01,1946,1,6.65
1946-02,1946,2,4.83
1946-03,1946,3,3.92
1946-04,1946,4,3.93
1946-05,1946,5,9.38
1946-06,1946,6,1.81
1946-07,1946,7,3.21
1946-08,1946,8,2.73
1946-09,1946,9,1.92
1946-10,1946,10,3.38
1946-11,1946,11,6.17
1946-12,1946,12,3.62
1947-01,1947,1,2.58
1947-02,1947,2,0.57
1947-03,1947,3,1.98
1947-04,1947,4,5.55
1947-05,1947,5,4.76
1947-06,1947,6,4.46
1947-07,1947,7,1.61
1947-08,1947,8,1.45
1947-09,1947,9,1.86
1947-10,1947,10,5.66
1947-11,1947,11,5.1
1947-12,1947,12,3.53
1948-01,1948,1,3.31
1948-02,1948,2,5.6
1948-03,1948,3,7.26
1948-04,1948,4,3.54
1948-05,1948,5,2.67
1948-06,1948,6,7.05
1948-07,1948,7,3.09
1948-08,1948,8,2.09
1948-09,1948,9,2.68
1948-10,1948,10,2.37
1948-11,1948,11,7.86
1948-12,1948,12,5.98
1949-01,1949,1,9.12
1949-02,1949,2,3.58
1949-03,1949,3,7.72
1949-04,1949,4,1.63
1949-05,1949,5,3.98
1949-06,1949,6,5.34
1949-07,1949,7,3.13
1949-08,1949,8,3.43
1949-09,1949,9,2.05
1949-10,1949,10,10.24
1949-11,1949,11,0.44
1949-12,1949,12,6.7
1950-01,1950,1,11.67
1950-02,1950,2,7.14
1950-03,1950,3,5.5
1950-04,1950,4,2.06
1950-05,1950,5,6.75
1950-06,1950,6,3.33
1950-07,1950,7,5.06
1950-08,1950,8,6.54
1950-09,1950,9,4.69
1950-10,1950,10,2.52
1950-11,1950,11,4.15
1950-12,1950,12,1.71
1951-01,1951,1,5.56
1951-02,1951,2,4.81
1951-03,1951,3,2.28
1951-04,1951,4,4.38
1951-05,1951,5,1.59
1951-06,1951,6,6.16
1951-07,1951,7,5.49
1951-08,1951,8,3.66
1951-09,1951,9,4.39
1951-10,1951,10,2.56
1951-11,1951,11,7.22
1951-12,1951,12,5.42
1952-01,1952,1,4.88
1952-02,1952,2,4.31
1952-03,1952,3,6.59
1952-04,1952,4,3.79
1952-05,1952,5,3.13
1952-06,1952,6,0.35
1952-07,1952,7,1.71
1952-08,1952,8,3.11
1952-09,1952,9,2.8
1952-10,1952,10,1.13
1952-11,1952,11,3.84
1952-12,1952,12,4.39
1953-01,1953,1,3.63
1953-02,1953,2,4.61
1953-03,1953,3,7.95
1953-04,1953,4,5.1
1953-05,1953,5,6.65
1953-06,1953,6,1.01
1953-07,1953,7,4.23
1953-08,1953,8,1.05
1953-09,1953,9,0.43
1953-10,1953,10,1.65
1953-11,1953,11,1.76
1953-12,1953,12,3.14
1954-01,1954,1,6.67
1954-02,1954,2,3.09
1954-03,1954,3,3.04
1954-04,1954,4,2.75
1954-05,1954,5,5.03
1954-06,1954,6,1.77
1954-07,1954,7,1.05
1954-08,1954,8,2.11
1954-09,1954,9,1.99
1954-10,1954,10,4.28
1954-11,1954,11,1.18
1954-12,1954,12,6
1955-01,1955,1,1.15
1955-02,1955,2,3.5
1955-03,1955,3,6.43
1955-04,1955,4,7.64
1955-05,1955,5,6.84
1955-06,1955,6,3.08
1955-07,1955,7,3.96
1955-08,1955,8,1.35
1955-09,1955,9,2.43
1955-10,1955,10,4.12
1955-11,1955,11,2.37
1955-12,1955,12,1.04
1956-01,1956,1,4.73
1956-02,1956,2,9.73
1956-03,1956,3,1.81
1956-04,1956,4,4.52
1956-05,1956,5,3.06
1956-06,1956,6,4.16
1956-07,1956,7,2.28
1956-08,1956,8,2.83
1956-09,1956,9,0.84
1956-10,1956,10,1.76
1956-11,1956,11,3.44
1956-12,1956,12,2.61
1957-01,1957,1,6.92
1957-02,1957,2,5.43
1957-03,1957,3,1.9
1957-04,1957,4,9.52
1957-05,1957,5,9.31
1957-06,1957,6,4.72
1957-07,1957,7,5.75
1957-08,1957,8,3.77
1957-09,1957,9,2.35
1957-10,1957,10,5.11
1957-11,1957,11,13.16
1957-12,1957,12,4.73
1958-01,1958,1,3.7
1958-02,1958,2,2.42
1958-03,1958,3,6.16
1958-04,1958,4,4.68
1958-05,1958,5,6.16
1958-06,1958,6,2.81
1958-07,1958,7,7.35
1958-08,1958,8,2.08
1958-09,1958,9,6.25
1958-10,1958,10,1.33
1958-11,1958,11,5.59
1958-12,1958,12,1.1
1959-01,1959,1,3.79
1959-02,1959,2,5.5
1959-03,1959,3,3.45
1959-04,1959,4,1.84
1959-05,1959,5,2.25
1959-06,1959,6,3.48
1959-07,1959,7,4.41
1959-08,1959,8,2.94
1959-09,1959,9,3.92
1959-10,1959,10,3.68
1959-11,1959,11,3.47
1959-12,1959,12,4.37
1960-01,1960,1,3.45
1960-02,1960,2,2.71
1960-03,1960,3,3.18
1960-04,1960,4,1.74
1960-05,1960,5,5.65
1960-06,1960,6,6.12
1960-07,1960,7,3.43
1960-08,1960,8,4.7
1960-09,1960,9,2.56
1960-10,1960,10,3.53
1960-11,1960,11,4.33
1960-12,1960,12,3.37
1961-01,1961,1,1.46
1961-02,1961,2,3.89
1961-03,1961,3,7.86
1961-04,1961,4,4.73
1961-05,1961,5,7.27
1961-06,1961,6,2.59
1961-07,1961,7,3.97
1961-08,1961,8,2.49
1961-09,1961,9,1.23
1961-10,1961,10,0.79
1961-11,1961,11,8.67
1961-12,1961,12,5.82
1962-01,1962,1,5.49
1962-02,1962,2,7.38
1962-03,1962,3,5.72
1962-04,1962,4,3.64
1962-05,1962,5,1.87
1962-06,1962,6,4.57
1962-07,1962,7,3.02
1962-08,1962,8,2.83
1962-09,1962,9,7.16
1962-10,1962,10,2.79
1962-11,1962,11,1.22
1962-12,1962,12,1.69
1963-01,1963,1,0.91
1963-02,1963,2,0.86
1963-03,1963,3,5.56
1963-04,1963,4,2.47
1963-05,1963,5,5.93
1963-06,1963,6,3.36
1963-07,1963,7,2.14
1963-08,1963,8,1.1
1963-09,1963,9,0.95
1963-10,1963,10,0.03
1963-11,1963,11,3.09
1963-12,1963,12,2.41
1964-01,1964,1,1.2
1964-02,1964,2,3.13
1964-03,1964,3,10.2
1964-04,1964,4,7.39
1964-05,1964,5,3.66
1964-06,1964,6,1.28
1964-07,1964,7,3.14
1964-08,1964,8,7.31
1964-09,1964,9,6.36
1964-10,1964,10,0.63
1964-11,1964,11,4.13
1964-12,1964,12,4.08
1965-01,1965,1,4.63
1965-02,1965,2,5.53
1965-03,1965,3,4.65
1965-04,1965,4,3.89
1965-05,1965,5,3.61
1965-06,1965,6,3.65
1965-07,1965,7,4.12
1965-08,1965,8,2.54
1965-09,1965,9,10
1965-10,1965,10,0.99
1965-11,1965,11,2.81
1965-12,1965,12,1.63
1966-01,1966,1,7.67
1966-02,1966,2,5.04
1966-03,1966,3,0.91
1966-04,1966,4,9.29
1966-05,1966,5,5
1966-06,1966,6,1.17
1966-07,1966,7,4.07
1966-08,1966,8,6.28
1966-09,1966,9,3.06
1966-10,1966,10,2.36
1966-11,1966,11,2.44
1966-12,1966,12,4.36
1967-01,1967,1,1.38
1967-02,1967,2,1.82
1967-03,1967,3,3.3
1967-04,1967,4,4.18
1967-05,1967,5,6.86
1967-06,1967,6,4.4
1967-07,1967,7,6.03
1967-08,1967,8,1.98
1967-09,1967,9,3.89
1967-10,1967,10,2.91
1967-11,1967,11,2.14
1967-12,1967,12,6.55
1968-01,1968,1,2.71
1968-02,1968,2,1.14
1968-03,1968,3,5.44
1968-04,1968,4,5.4
1968-05,1968,5,7.66
1968-06,1968,6,3.76
1968-07,1968,7,1.3
1968-08,1968,8,2.56
1968-09,1968,9,5.65
1968-10,1968,10,1.94
1968-11,1968,11,4.81
1968-12,1968,12,5.98
1969-01,1969,1,8.12
1969-02,1969,2,2.28
1969-03,1969,3,2.81
1969-04,1969,4,5.83
1969-05,1969,5,2
1969-06,1969,6,2.4
1969-07,1969,7,2.3
1969-08,1969,8,4.42
1969-09,1969,9,1.33
1969-10,1969,10,2.58
1969-11,1969,11,4.09
1969-12,1969,12,6.89
1970-01,1970,1,1.07
1970-02,1970,2,2.97
1970-03,1970,3,5.18
1970-04,1970,4,7.25
1970-05,1970,5,3.7
1970-06,1970,6,3.71
1970-07,1970,7,3.02
1970-08,1970,8,4.65
1970-09,1970,9,6.74
1970-10,1970,10,6.98
1970-11,1970,11,2.48
1970-12,1970,12,4.84
1971-01,1971,1,2.28
1971-02,1971,2,4.74
1971-03,1971,3,2.47
1971-04,1971,4,2.39
1971-05,1971,5,3.94
1971-06,1971,6,2.32
1971-07,1971,7,4.53
1971-08,1971,8,4.27
1971-09,1971,9,1.52
1971-10,1971,10,0.44
1971-11,1971,11,2.26
1971-12,1971,12,5.91
1972-01,1972,1,2.44
1972-02,1972,2,1.69
1972-03,1972,3,3.92
1972-04,1972,4,4.87
1972-05,1972,5,3.67
1972-06,1972,6,1.65
1972-07,1972,7,5.2
1972-08,1972,8,2.62
1972-09,1972,9,5.54
1972-10,1972,10,6.08
1972-11,1972,11,7.64
1972-12,1972,12,5.89
1973-01,1973,1,4.89
1973-02,1973,2,2.96
1973-03,1973,3,7.85
1973-04,1973,4,11.85
1973-05,1973,5,8.61
1973-06,1973,6,2.28
1973-07,1973,7,1.81
1973-08,1973,8,2.53
1973-09,1973,9,5.91
1973-10,1973,10,2.38
1973-11,1973,11,9.54
1973-12,1973,12,5.79
1974-01,1974,1,4.88
1974-02,1974,2,3.27
1974-03,1974,3,3.11
1974-04,1974,4,6.56
1974-05,1974,5,5.27
1974-06,1974,6,5.42
1974-07,1974,7,2.49
1974-08,1974,8,5.36
1974-09,1974,9,3.28
1974-10,1974,10,1.99
1974-11,1974,11,5.42
1974-12,1974,12,2.58
1975-01,1975,1,3.35
1975-02,1975,2,4.67
1975-03,1975,3,11.41
1975-04,1975,4,3.18
1975-05,1975,5,4.78
1975-06,1975,6,3.79
1975-07,1975,7,2.79
1975-08,1975,8,5.92
1975-09,1975,9,4.38
1975-10,1975,10,1.72
1975-11,1975,11,3.65
1975-12,1975,12,5.36
1976-01,1976,1,3.12
1976-02,1976,2,4.16
1976-03,1976,3,6.34
1976-04,1976,4,1.82
1976-05,1976,5,4.85
1976-06,1976,6,5.17
1976-07,1976,7,2.88
1976-08,1976,8,0.96
1976-09,1976,9,1.53
1976-10,1976,10,5.57
1976-11,1976,11,1.21
1976-12,1976,12,1.37
1977-01,1977,1,1.82
1977-02,1977,2,1.57
1977-03,1977,3,6.94
1977-04,1977,4,3.78
1977-05,1977,5,2.2
1977-06,1977,6,3.73
1977-07,1977,7,2.38
1977-08,1977,8,3.34
1977-09,1977,9,8.22
1977-10,1977,10,1.34
1977-11,1977,11,4.25
1977-12,1977,12,3.25
1978-01,1978,1,5.59
1978-02,1978,2,1.62
1978-03,1978,3,4.71
1978-04,1978,4,2.8
1978-05,1978,5,7.18
1978-06,1978,6,4.08
1978-07,1978,7,4.46
1978-08,1978,8,6.78
1978-09,1978,9,1.46
1978-10,1978,10,1.29
1978-11,1978,11,6.7
1978-12,1978,12,8.01
1979-01,1979,1,4.62
1979-02,1979,2,5.64
1979-03,1979,3,5.42
1979-04,1979,4,10.93
1979-05,1979,5,6.83
1979-06,1979,6,2.27
1979-07,1979,7,3.22
1979-08,1979,8,3.31
1979-09,1979,9,4.64
1979-10,1979,10,2.35
1979-11,1979,11,4.81
1979-12,1979,12,3.95
1980-01,1980,1,1.73
1980-02,1980,2,1.7
1980-03,1980,3,5.68
1980-04,1980,4,4.79
1980-05,1980,5,3.93
1980-06,1980,6,1.78
1980-07,1980,7,0.8
1980-08,1980,8,0.66
1980-09,1980,9,5.13
1980-10,1980,10,5.88
1980-11,1980,11,4.22
1980-12,1980,12,1.98
1981-01,1981,1,1.06
1981-02,1981,2,3.17
1981-03,1981,3,3.86
1981-04,1981,4,2.53
1981-05,1981,5,5.91
1981-06,1981,6,5.29
1981-07,1981,7,3.09
1981-08,1981,8,3.45
1981-09,1981,9,0.53
1981-10,1981,10,5.72
1981-11,1981,11,2.69
1981-12,1981,12,1.25
1982-01,1982,1,6.93
1982-02,1982,2,2.12
1982-03,1982,3,1.43
1982-04,1982,4,6.84
1982-05,1982,5,3.57
1982-06,1982,6,5.01
1982-07,1982,7,0.99
1982-08,1982,8,3.74
1982-09,1982,9,1.03
1982-10,1982,10,2.61
1982-11,1982,11,7.53
1982-12,1982,12,10.23
1983-01,1983,1,0.81
1983-02,1983,2,1.98
1983-03,1983,3,2.14
1983-04,1983,4,7.41
1983-05,1983,5,9.19
1983-06,1983,6,1.15
1983-07,1983,7,1.7
1983-08,1983,8,0.91
1983-09,1983,9,1.37
1983-10,1983,10,3.32
1983-11,1983,11,6.62
1983-12,1983,12,6.14
1984-01,1984,1,1.75
1984-02,1984,2,4.17
1984-03,1984,3,3.1
1984-04,1984,4,5.28
1984-05,1984,5,6.78
1984-06,1984,6,0.94
1984-07,1984,7,2.33
1984-08,1984,8,2.96
1984-09,1984,9,3.54
1984-10,1984,10,11.77
1984-11,1984,11,6.02
1984-12,1984,12,3.93
1985-01,1985,1,2.53
1985-02,1985,2,2.48
1985-03,1985,3,4.41
1985-04,1985,4,6.12
1985-05,1985,5,6.04
1985-06,1985,6,4.19
1985-07,1985,7,1.21
1985-08,1985,8,3.54
1985-09,1985,9,2.38
1985-10,1985,10,3.92
1985-11,1985,11,5.99
1985-12,1985,12,2.12
1986-01,1986,1,0.8
1986-02,1986,2,3.22
1986-03,1986,3,2.18
1986-04,1986,4,5.2
1986-05,1986,5,7.17
1986-06,1986,6,3.09
1986-07,1986,7,2.18
1986-08,1986,8,2.89
1986-09,1986,9,2.05
1986-10,1986,10,3.63
1986-11,1986,11,5
1986-12,1986,12,3.27
1987-01,1987,1,1.42
1987-02,1987,2,5.37
1987-03,1987,3,4.03
1987-04,1987,4,1.81
1987-05,1987,5,3.11
1987-06,1987,6,2.11
1987-07,1987,7,3.89
1987-08,1987,8,1.45
1987-09,1987,9,2.24
1987-10,1987,10,2.87
1987-11,1987,11,6.59
1987-12,1987,12,9.35
1988-01,1988,1,1.96
1988-02,1988,2,3.08
1988-03,1988,3,5.39
1988-04,1988,4,2.58
1988-05,1988,5,2.48
1988-06,1988,6,0.71
1988-07,1988,7,5.52
1988-08,1988,8,2.92
1988-09,1988,9,6.3
1988-10,1988,10,4.18
1988-11,1988,11,9.64
1988-12,1988,12,3.47
1989-01,1989,1,4.87
1989-02,1989,2,9.46
1989-03,1989,3,6.8
1989-04,1989,4,2.49
1989-05,1989,5,4.18
1989-06,1989,6,5.67
1989-07,1989,7,2.85
1989-08,1989,8,1.52
1989-09,1989,9,3.85
1989-10,1989,10,2.87
1989-11,1989,11,1.32
1989-12,1989,12,2.14
1990-01,1990,1,5.3
1990-02,1990,2,9.56
1990-03,1990,3,5.6
1990-04,1990,4,6.15
1990-05,1990,5,5.32
1990-06,1990,6,2.34
1990-07,1990,7,1.02
1990-08,1990,8,1.78
1990-09,1990,9,2.04
1990-10,1990,10,8.7
1990-11,1990,11,3.15
1990-12,1990,12,10.69
1991-01,1991,1,5.34
1991-02,1991,2,2.58
1991-03,1991,3,2.47
1991-04,1991,4,12.07
1991-05,1991,5,5.98
1991-06,1991,6,1.93
1991-07,1991,7,2.35
1991-08,1991,8,4.16
1991-09,1991,9,2.12
1991-10,1991,10,7.33
1991-11,1991,11,4.54
1991-12,1991,12,4.93
1992-01,1992,1,2.49
1992-02,1992,2,3.37
1992-03,1992,3,5.55
1992-04,1992,4,1.76
1992-05,1992,5,2.33
1992-06,1992,6,7.55
1992-07,1992,7,5.91
1992-08,1992,8,3.75
1992-09,1992,9,3.09
1992-10,1992,10,1.41
1992-11,1992,11,4.39
1992-12,1992,12,2.69
1993-01,1993,1,3.97
1993-02,1993,2,2.14
1993-03,1993,3,4.09
1993-04,1993,4,5.44
1993-05,1993,5,4.16
1993-06,1993,6,3.11
1993-07,1993,7,0.57
1993-08,1993,8,1.86
1993-09,1993,9,6.11
1993-10,1993,10,4.04
1993-11,1993,11,6.43
1993-12,1993,12,3.89
1994-01,1994,1,5.43
1994-02,1994,2,3.25
1994-03,1994,3,4.33
1994-04,1994,4,4.43
1994-05,1994,5,1.36
1994-06,1994,6,6.36
1994-07,1994,7,6.48
1994-08,1994,8,0.88
1994-09,1994,9,2.63
1994-10,1994,10,2.55
1994-11,1994,11,4.73
1994-12,1994,12,5.25
1995-01,1995,1,4.6
1995-02,1995,2,1.47
1995-03,1995,3,2.32
1995-04,1995,4,4.31
1995-05,1995,5,2.55
1995-06,1995,6,2.52
1995-07,1995,7,5.4
1995-08,1995,8,1.96
1995-09,1995,9,3.47
1995-10,1995,10,3.07
1995-11,1995,11,4.41
1995-12,1995,12,2.18
1996-01,1996,1,2.82
1996-02,1996,2,1.6
1996-03,1996,3,2.92
1996-04,1996,4,4.33
1996-05,1996,5,2.95
1996-06,1996,6,3.33
1996-07,1996,7,2.94
1996-08,1996,8,0.34
1996-09,1996,9,5.63
1996-10,1996,10,4.04
1996-11,1996,11,11.27
1996-12,1996,12,3.31
1997-01,1997,1,2.21
1997-02,1997,2,4.68
1997-03,1997,3,5.96
1997-04,1997,4,5.64
1997-05,1997,5,6.52
1997-06,1997,6,3.47
1997-07,1997,7,0.29
1997-08,1997,8,6.04
1997-09,1997,9,1.5
1997-10,1997,10,3.01
1997-11,1997,11,3.69
1997-12,1997,12,2.9
1998-01,1998,1,3.63
1998-02,1998,2,4.87
1998-03,1998,3,5.22
1998-04,1998,4,5.05
1998-05,1998,5,4.53
1998-06,1998,6,1.21
1998-07,1998,7,5.6
1998-08,1998,8,4.39
1998-09,1998,9,0.63
1998-10,1998,10,4.54
1998-11,1998,11,2.01
1998-12,1998,12,3.98
1999-01,1999,1,7.27
1999-02,1999,2,0.61
1999-03,1999,3,4.04
1999-04,1999,4,4.17
1999-05,1999,5,3.5
1999-06,1999,6,4.07
1999-07,1999,7,0.83
1999-08,1999,8,1.1
1999-09,1999,9,0.31
1999-10,1999,10,3.99
1999-11,1999,11,1.18
1999-12,1999,12,5.17
2000-01,2000,1,2.55
2000-02,2000,2,2.29
2000-03,2000,3,4.16
2000-04,2000,4,2.54
2000-05,2000,5,8.72
2000-06,2000,6,3.44
2000-07,2000,7,1.93
2000-08,2000,8,0.21
2000-09,2000,9,1.99
2000-10,2000,10,1.83
2000-11,2000,11,6.7
2000-12,2000,12,2.48
2001-01,2001,1,2.59
2001-02,2001,2,7.85
2001-03,2001,3,4.34
2001-04,2001,4,0.94
2001-05,2001,5,4.89
2001-06,2001,6,2.02
2001-07,2001,7,3.99
2001-08,2001,8,0.41
2001-09,2001,9,3.01
2001-10,2001,10,4.83
2001-11,2001,11,7.93
2001-12,2001,12,9.47
2002-01,2002,1,4.43
2002-02,2002,2,3.54
2002-03,2002,3,7.77
2002-04,2002,4,1.09
2002-05,2002,5,5.07
2002-06,2002,6,1.82
2002-07,2002,7,4.14
2002-08,2002,8,6.97
2002-09,2002,9,4.58
2002-10,2002,10,3.53
2002-11,2002,11,1.73
2002-12,2002,12,6.42
2003-01,2003,1,2.01
2003-02,2003,2,6.48
2003-03,2003,3,2.16
2003-04,2003,4,4.31
2003-05,2003,5,11.2
2003-06,2003,6,6.26
2003-07,2003,7,5.46
2003-08,2003,8,3.28
2003-09,2003,9,2.83
2003-10,2003,10,3.45
2003-11,2003,11,6.08
2003-12,2003,12,3.29
2004-01,2004,1,2.82
2004-02,2004,2,2.4
2004-03,2004,3,4.16
2004-04,2004,4,7.48
2004-05,2004,5,5.06
2004-06,2004,6,2.38
2004-07,2004,7,4.87
2004-08,2004,8,4.51
2004-09,2004,9,0.03
2004-10,2004,10,5.18
2004-11,2004,11,10.37
2004-12,2004,12,3.81
2005-01,2005,1,4.62
2005-02,2005,2,3.05
2005-03,2005,3,5.4
2005-04,2005,4,5.91
2005-05,2005,5,0.08
2005-06,2005,6,2.46
2005-07,2005,7,5.08
2005-08,2005,8,3.87
2005-09,2005,9,2.91
2005-10,2005,10,0.12
2005-11,2005,11,2.55
2005-12,2005,12,0.57
2006-01,2006,1,4.52
2006-02,2006,2,2.05
2006-03,2006,3,3.94
2006-04,2006,4,4.7
2006-05,2006,5,2.97
2006-06,2006,6,2.34
2006-07,2006,7,5.4
2006-08,2006,8,4.53
2006-09,2006,9,5.8
2006-10,2006,10,5.87
2006-11,2006,11,3.43
2006-12,2006,12,5.21
2007-01,2007,1,6.85
2007-02,2007,2,2.67
2007-03,2007,3,1.78
2007-04,2007,4,4.64
2007-05,2007,5,2.9
2007-06,2007,6,2.83
2007-07,2007,7,3.34
2007-08,2007,8,0.79
2007-09,2007,9,5.43
2007-10,2007,10,7.07
2007-11,2007,11,4.15
2007-12,2007,12,6.55
2008-01,2008,1,1.87
2008-02,2008,2,4.89
2008-03,2008,3,10.26
2008-04,2008,4,8.29
2008-05,2008,5,3.76
2008-06,2008,6,0.99
2008-07,2008,7,2.46
2008-08,2008,8,4.74
2008-09,2008,9,3.41
2008-10,2008,10,1.99
2008-11,2008,11,1.47
2008-12,2008,12,5.38
2009-01,2009,1,3.45
2009-02,2009,2,4.8
2009-03,2009,3,4.91
2009-04,2009,4,7.11
2009-05,2009,5,9.44
2009-06,2009,6,6.94
2009-07,2009,7,7.26
2009-08,2009,8,2.69
2009-09,2009,9,7.14
2009-10,2009,10,12.44
2009-11,2009,11,1.13
2009-12,2009,12,9.62
2010-01,2010,1,4.06
2010-02,2010,2,1.96
2010-03,2010,3,4.04
2010-04,2010,4,2.46
2010-05,2010,5,8.36
2010-06,2010,6,1.45
2010-07,2010,7,4.44
2010-08,2010,8,0.49
2010-09,2010,9,2.98
2010-10,2010,10,0.61
2010-11,2010,11,5.39
2010-12,2010,12,1.99
2011-01,2011,1,1.31
2011-02,2011,2,5.37
2011-03,2011,3,5.25
2011-04,2011,4,8.21
2011-05,2011,5,10.34
2011-06,2011,6,1.8
2011-07,2011,7,2.74
2011-08,2011,8,2.65
2011-09,2011,9,2.71
2011-10,2011,10,2.57
2011-11,2011,11,10.46
2011-12,2011,12,7.51
2012-01,2012,1,2.77
2012-02,2012,2,2.67
2012-03,2012,3,4.9
2012-04,2012,4,1.44
2012-05,2012,5,1.34
2012-06,2012,6,1.91
2012-07,2012,7,1.13
2012-08,2012,8,2.81
2012-09,2012,9,6.2
2012-10,2012,10,3.08
2012-11,2012,11,2.16
2012-12,2012,12,4.23
2013-01,2013,1,6.29
2013-02,2013,2,5.1
2013-03,2013,3,2.02
2013-04,2013,4,5.51
2013-05,2013,5,9.49
2013-06,2013,6,4.47
2013-07,2013,7,3.95
2013-08,2013,8,4.23
2013-09,2013,9,1.12
2013-10,2013,10,4.98
2013-11,2013,11,2.95
2013-12,2013,12,8.03
2014-01,2014,1,2.49
2014-02,2014,2,3.41
2014-03,2014,3,5.48
2014-04,2014,4,7.82
2014-05,2014,5,5.44
2014-06,2014,6,8.79
2014-07,2014,7,2.04
2014-08,2014,8,2.58
2014-09,2014,9,1.91
2014-10,2014,10,4.42
2014-11,2014,11,2.02
2014-12,2014,12,2.98
2015-01,2015,1,1.78
2015-02,2015,2,3.66
2015-03,2015,3,7.19
2015-04,2015,4,5.88
2015-05,2015,5,8.25
2015-06,2015,6,2.51
2015-07,2015,7,6.36
2015-08,2015,8,5.18
2015-09,2015,9,2.37
2015-10,2015,10,3.71
2015-11,2015,11,12.7
2015-12,2015,12,7.88
2016-01,2016,1,2.46
2016-02,2016,2,2.13
2016-03,2016,3,13.3
2016-04,2016,4,4.35
2016-05,2016,5,10.99
2016-06,2016,6,0.83
2016-07,2016,7,2.76
2016-08,2016,8,5.5
2016-09,2016,9,2.2
2016-10,2016,10,1.43
2016-11,2016,11,3.78
2016-12,2016,12,4.61
2017-01,2017,1,4.31
2017-02,2017,2,1.83
2017-03,2017,3,7.26
2017-04,2017,4,8.82
2017-05,2017,5,7.06
2017-06,2017,6,4.24
2017-07,2017,7,3.35
2017-08,2017,8,4.89
2017-09,2017,9,1.71
2017-10,2017,10,1.21
2017-11,2017,11,1.68
2017-12,2017,12,5.07
2018-01,2018,1,2.66
2018-02,2018,2,14.19
2018-03,2018,3,5.09
2018-04,2018,4,6.12
2018-05,2018,5,4.67
2018-06,2018,6,3.53
2018-07,2018,7,3.09
2018-08,2018,8,8.79
2018-09,2018,9,8.53
2018-10,2018,10,2.26
2018-11,2018,11,5.07
2018-12,2018,12,7.01
2019-01,2019,1,4.83
2019-02,2019,2,12.24
2019-03,2019,3,4.69
2019-04,2019,4,7.69
2019-05,2019,5,8.03
2019-06,2019,6,5.32
2019-07,2019,7,6.51
2019-08,2019,8,5.99
2019-09,2019,9,1.91
2019-10,2019,10,7.58
2019-11,2019,11,5.73
2019-12,2019,12,3.25
2020-01,2020,1,6.46
2020-02,2020,2,5.22
2020-03,2020,3,6.34
2020-04,2020,4,6.03
2020-05,2020,5,5.24
2020-06,2020,6,3.13
2020-07,2020,7,2.07
2020-08,2020,8,4.92
2020-09,2020,9,4.89
2020-10,2020,10,6.57
2020-11,2020,11,2.59
2020-12,2020,12,3.61
2021-01,2021,1,4.15
2021-02,2021,2,4.19
2021-03,2021,3,8.43
2021-04,2021,4,5.27
2021-05,2021,5,5.15
2021-06,2021,6,2.33
2021-07,2021,7,2.73
2021-08,2021,8,3.13
2021-09,2021,9,2.39
2021-10,2021,10,3.91
2021-11,2021,11,2.16
2021-12,2021,12,3.3
2022-01,2022,1,5.18
2022-02,2022,2,5.72
2022-03,2022,3,4.1
2022-04,2022,4,8.8
2022-05,2022,5,4.02
2022-06,2022,6,0.67
2022-07,2022,7,6.81
2022-08,2022,8,4.83
2022-09,2022,9,0.55
2022-10,2022,10,2.41
2022-11,2022,11,2.88
2022-12,2022,12,6.67
2023-01,2023,1,6.23
2023-02,2023,2,4.32
2023-03,2023,3,8.93
2023-04,2023,4,4.03
2023-05,2023,5,2.85
2023-06,2023,6,4.39
2023-07,2023,7,7.96
2023-08,2023,8,3.08
2023-09,2023,9,2.06
2023-10,2023,10,5.14
2023-11,2023,11,1.7
2023-12,2023,12,3.23
2024-01,2024,1,8.94
2024-02,2024,2,2.73
2024-03,2024,3,3.8
