Date,Year,Month,Tmin,Tmean,Tmax
1900-01,1900,1,35.5,44.3,53.1
1900-02,1900,2,30.3,40.8,51.3
1900-03,1900,3,42.3,52.5,62.6
1900-04,1900,4,52.8,63.2,73.5
1900-05,1900,5,59.8,70.2,80.7
1900-06,1900,6,68.5,76.9,85.2
1900-07,1900,7,71.3,80.1,88.9
1900-08,1900,8,71.1,81.2,91.4
1900-09,1900,9,69.6,78.5,87.4
1900-10,1900,10,57,66.7,76.3
1900-11,1900,11,43.2,53,62.7
1900-12,1900,12,36.3,46.1,55.8
1901-01,1901,1,37.6,46.9,56.2
1901-02,1901,2,32.8,41.6,50.4
1901-03,1901,3,41.7,52,62.4
1901-04,1901,4,48.7,59.1,69.5
1901-05,1901,5,58.9,68.9,78.9
1901-06,1901,6,69,79.6,90.2
1901-07,1901,7,71.9,84.1,96.3
1901-08,1901,8,70.7,81.3,92
1901-09,1901,9,62.3,72.9,83.5
1901-10,1901,10,53.1,64.7,76.2
1901-11,1901,11,41.3,51.9,62.5
1901-12,1901,12,30.6,39.7,48.8
1902-01,1902,1,30.5,39,47.5
1902-02,1902,2,29.3,36.2,43
1902-03,1902,3,45,54.1,63.2
1902-04,1902,4,52.9,62.4,72
1902-05,1902,5,65.5,74.5,83.6
1902-06,1902,6,69.1,78.8,88.4
1902-07,1902,7,71.7,80.7,89.7
1902-08,1902,8,71.8,81.7,91.6
1902-09,1902,9,60.1,69.8,79.5
1902-10,1902,10,53.1,63.8,74.4
1902-11,1902,11,50.3,57.8,65.4
1902-12,1902,12,34.5,41.7,48.9
1903-01,1903,1,34,42.2,50.4
1903-02,1903,2,34.4,42.5,50.6
1903-03,1903,3,48.4,56.4,64.3
1903-04,1903,4,51.6,61.7,71.8
1903-05,1903,5,60.5,68.7,76.8
1903-06,1903,6,62.8,71.7,80.6
1903-07,1903,7,71.3,80.2,89.2
1903-08,1903,8,70.2,79.5,88.7
1903-09,1903,9,60.9,71.5,82
1903-10,1903,10,51.6,62.4,73.1
1903-11,1903,11,38.2,48.8,59.4
1903-12,1903,12,31,41.4,51.8
1904-01,1904,1,30.5,41,51.5
1904-02,1904,2,36,45.6,55.3
1904-03,1904,3,45.2,56.2,67.2
1904-04,1904,4,48.1,57.8,67.6
1904-05,1904,5,58.3,68.4,78.5
1904-06,1904,6,67.4,76.5,85.7
1904-07,1904,7,69.1,78.7,88.3
1904-08,1904,8,69.4,79.1,88.8
1904-09,1904,9,66.4,76.2,86
1904-10,1904,10,52.1,63.8,75.4
1904-11,1904,11,42.1,52.8,63.6
1904-12,1904,12,34.4,44,53.5
1905-01,1905,1,25.8,34.4,42.9
1905-02,1905,2,25.1,33.5,41.9
1905-03,1905,3,48.3,58.7,69.1
1905-04,1905,4,54,62.3,70.6
1905-05,1905,5,64,72,79.9
1905-06,1905,6,70.2,78.8,87.4
1905-07,1905,7,69.6,77.5,85.4
1905-08,1905,8,71.1,80.4,89.6
1905-09,1905,9,66.1,75.2,84.4
1905-10,1905,10,53.1,62.5,71.9
1905-11,1905,11,44.4,54.7,65
1905-12,1905,12,32.4,39.8,47.2
1906-01,1906,1,35.3,44.8,54.3
1906-02,1906,2,32.2,42.6,53
1906-03,1906,3,38,46.1,54.2
1906-04,1906,4,54.2,64.9,75.5
1906-05,1906,5,59.4,69.5,79.7
1906-06,1906,6,67.6,77.7,87.8
1906-07,1906,7,68.6,77.6,86.6
1906-08,1906,8,69.7,79,88.3
1906-09,1906,9,68.2,76.8,85.3
1906-10,1906,10,49.6,59.3,68.9
1906-11,1906,11,41.2,51.3,61.4
1906-12,1906,12,40.3,47.8,55.4
1907-01,1907,1,41.5,50.4,59.4
1907-02,1907,2,35.6,45.8,55.9
1907-03,1907,3,53.1,62.9,72.7
1907-04,1907,4,47,55.7,64.4
1907-05,1907,5,55.3,64.4,73.6
1907-06,1907,6,67,76.5,85.9
1907-07,1907,7,72.2,82.6,92.9
1907-08,1907,8,72.3,82.7,93.2
1907-09,1907,9,63.6,74.9,86.1
1907-10,1907,10,52.6,63.2,73.7
1907-11,1907,11,40.6,50.3,60
1907-12,1907,12,38.3,46,53.7
1908-01,1908,1,35,43.4,51.9
1908-02,1908,2,36.9,45.8,54.8
1908-03,1908,3,50.7,60.7,70.7
1908-04,1908,4,54.5,64,73.6
1908-05,1908,5,61.8,70.6,79.4
1908-06,1908,6,68.6,77.2,85.8
1908-07,1908,7,70.9,80.3,89.8
1908-08,1908,8,71.2,80.2,89.3
1908-09,1908,9,64.9,74.6,84.4
1908-10,1908,10,48.6,60.4,72.1
1908-11,1908,11,44.4,55,65.7
1908-12,1908,12,38.5,47.4,56.4
1909-01,1909,1,36.5,44.1,51.6
1909-02,1909,2,38.3,49.1,59.9
1909-03,1909,3,44.6,54.1,63.5
1909-04,1909,4,51.6,61.6,71.6
1909-05,1909,5,58.4,67.6,76.8
1909-06,1909,6,69.2,78,86.8
1909-07,1909,7,72.6,82.6,92.7
1909-08,1909,8,72.8,83.2,93.6
1909-09,1909,9,64,75,86.1
1909-10,1909,10,52.5,64.1,75.6
1909-11,1909,11,50.3,60.2,70
1909-12,1909,12,28.2,37,45.7
1910-01,1910,1,34.2,43.8,53.5
1910-02,1910,2,30.3,40.3,50.3
1910-03,1910,3,49.9,61.8,73.7
1910-04,1910,4,50.3,60.3,70.3
1910-05,1910,5,57.7,66.9,76.1
1910-06,1910,6,65.6,74.9,84.2
1910-07,1910,7,71.1,79.4,87.8
1910-08,1910,8,70.9,79.4,88
1910-09,1910,9,66.9,77.1,87.4
1910-10,1910,10,53.5,64.1,74.7
1910-11,1910,11,41.8,52.6,63.3
1910-12,1910,12,33.7,42.2,50.7
1911-01,1911,1,39.6,48.4,57.1
1911-02,1911,2,42,50.9,59.9
1911-03,1911,3,45.7,57.1,68.4
1911-04,1911,4,51.1,60.8,70.5
1911-05,1911,5,60.9,72.1,83.3
1911-06,1911,6,70.9,81.8,92.7
1911-07,1911,7,70.5,78.8,87.1
1911-08,1911,8,70.8,78.8,86.8
1911-09,1911,9,70.1,79.7,89.3
1911-10,1911,10,54.1,63.4,72.8
1911-11,1911,11,36.7,47.3,57.9
1911-12,1911,12,36.6,44.2,51.7
1912-01,1912,1,25.1,35.2,45.2
1912-02,1912,2,28.8,38.9,49.1
1912-03,1912,3,38.8,46.6,54.5
1912-04,1912,4,54,62.7,71.4
1912-05,1912,5,60.7,70.6,80.4
1912-06,1912,6,65.4,74.1,82.8
1912-07,1912,7,72.7,82.3,91.8
1912-08,1912,8,69.9,79.4,88.9
1912-09,1912,9,64.5,75.2,85.9
1912-10,1912,10,53.8,64.8,75.7
1912-11,1912,11,41,51.7,62.3
1912-12,1912,12,33.5,42.9,52.3
1913-01,1913,1,35.9,45.2,54.4
1913-02,1913,2,33.8,42.4,50.9
1913-03,1913,3,41,51.3,61.6
1913-04,1913,4,51.4,61.8,72.2
1913-05,1913,5,60.1,70.1,80
1913-06,1913,6,67.4,78.4,89.4
1913-07,1913,7,72.4,81.9,91.4
1913-08,1913,8,71.3,82.3,93.3
1913-09,1913,9,63.4,72.1,80.7
1913-10,1913,10,51.9,61,70.2
1913-11,1913,11,49.5,58.2,66.8
1913-12,1913,12,38.5,44.9,51.2
1914-01,1914,1,37.2,47.1,57.1
1914-02,1914,2,31.9,41.7,51.4
1914-03,1914,3,41.2,51.1,61.1
1914-04,1914,4,52.1,61.8,71.5
1914-05,1914,5,60.8,70.6,80.4
1914-06,1914,6,73,84,94.9
1914-07,1914,7,73.3,83.2,93
1914-08,1914,8,70.8,78.8,86.7
1914-09,1914,9,66,75,84
1914-10,1914,10,54.2,63.5,72.8
1914-11,1914,11,43,53.7,64.5
1914-12,1914,12,31.1,37,42.9
1915-01,1915,1,31.8,40,48.3
1915-02,1915,2,38.4,46.5,54.5
1915-03,1915,3,35.3,43.4,51.5
1915-04,1915,4,55.3,65.3,75.3
1915-05,1915,5,60.6,70.6,80.6
1915-06,1915,6,67.4,76.4,85.5
1915-07,1915,7,70.1,80,89.9
1915-08,1915,8,68,75.8,83.6
1915-09,1915,9,67.2,76.2,85.1
1915-10,1915,10,54.5,65.2,76
1915-11,1915,11,45.4,55.5,65.5
1915-12,1915,12,37,45.9,54.9
1916-01,1916,1,36.3,45.4,54.4
1916-02,1916,2,34.3,44,53.6
1916-03,1916,3,43.4,54.8,66.1
1916-04,1916,4,51,60.7,70.4
1916-05,1916,5,62.2,72.4,82.6
1916-06,1916,6,67.4,76.5,85.7
1916-07,1916,7,74.1,83.6,93.2
1916-08,1916,8,71.6,81.7,91.8
1916-09,1916,9,63.1,73.1,83
1916-10,1916,10,51.4,63.4,75.4
1916-11,1916,11,41.8,53.3,64.8
1916-12,1916,12,33.5,43.3,53.1
1917-01,1917,1,35.5,44.9,54.4
1917-02,1917,2,33.4,44.8,56.3
1917-03,1917,3,44.2,54,63.9
1917-04,1917,4,51,61.1,71.3
1917-05,1917,5,54.2,64.2,74.2
1917-06,1917,6,66.1,76.4,86.7
1917-07,1917,7,70.7,80.4,90
1917-08,1917,8,68.9,78.2,87.4
1917-09,1917,9,62.8,72.8,82.7
1917-10,1917,10,44.5,57.9,71.4
1917-11,1917,11,41.2,52.5,63.8
1917-12,1917,12,26.9,35.5,44.1
1918-01,1918,1,19.9,28.5,37.2
1918-02,1918,2,37.2,48,58.9
1918-03,1918,3,47.9,58.7,69.6
1918-04,1918,4,50.6,60.7,70.7
1918-05,1918,5,64.5,74,83.6
1918-06,1918,6,70.7,80.9,91.1
1918-07,1918,7,69.5,80.5,91.4
1918-08,1918,8,72.7,83.3,94
1918-09,1918,9,58.8,69.1,79.5
1918-10,1918,10,58.1,66.6,75.1
1918-11,1918,11,42.6,50.9,59.2
1918-12,1918,12,40.7,49.4,58.2
1919-01,1919,1,33.9,43.1,52.2
1919-02,1919,2,35.7,45.3,54.9
1919-03,1919,3,44,54,64
1919-04,1919,4,51,61.8,72.5
1919-05,1919,5,59,67.3,75.6
1919-06,1919,6,69,77.5,86.1
1919-07,1919,7,72.5,82.3,92.1
1919-08,1919,8,72,81.4,90.8
1919-09,1919,9,65.9,75.5,85.1
1919-10,1919,10,59.9,67,74.1
1919-11,1919,11,42.5,52.7,62.8
1919-12,1919,12,31,40.6,50.3
1920-01,1920,1,32.6,40.7,48.8
1920-02,1920,2,37.1,45.7,54.4
1920-03,1920,3,43,52.9,62.8
1920-04,1920,4,50.5,60.4,70.3
1920-05,1920,5,62.8,71.2,79.6
1920-06,1920,6,66,75.4,84.9
1920-07,1920,7,71.2,80.5,89.8
1920-08,1920,8,68.9,77.5,86.1
1920-09,1920,9,66.3,75.5,84.7
1920-10,1920,10,55.3,65.4,75.4
1920-11,1920,11,38.9,48.6,58.2
1920-12,1920,12,36.2,44.4,52.6
1921-01,1921,1,38.7,47.2,55.8
1921-02,1921,2,39.4,49,58.6
1921-03,1921,3,51.9,61.4,71
1921-04,1921,4,50.1,60.3,70.5
1921-05,1921,5,60.5,70.7,80.8
1921-06,1921,6,70.4,79.2,88
1921-07,1921,7,72.8,82.5,92.2
1921-08,1921,8,72.6,82,91.4
1921-09,1921,9,70.7,80.1,89.5
1921-10,1921,10,50.1,62.8,75.5
1921-11,1921,11,45.4,56,66.7
1921-12,1921,12,38.7,47.9,57.3
1922-01,1922,1,32.6,39.8,47
1922-02,1922,2,40.3,48.4,56.6
1922-03,1922,3,43.6,52.5,61.4
1922-04,1922,4,54.4,64.3,74.1
1922-05,1922,5,62.7,71.7,80.6
1922-06,1922,6,70.3,79.6,88.8
1922-07,1922,7,71.6,80.7,89.9
1922-08,1922,8,71,81.6,92.3
1922-09,1922,9,65.7,77.7,89.8
1922-10,1922,10,52.8,65,77.1
1922-11,1922,11,44,54.2,64.4
1922-12,1922,12,39.1,48.4,57.8
1923-01,1923,1,40,49.7,59.4
1923-02,1923,2,34.5,42.5,50.6
1923-03,1923,3,39.3,50.1,61
1923-04,1923,4,52.1,62.5,72.8
1923-05,1923,5,58.6,67.8,77
1923-06,1923,6,69,77.8,86.5
1923-07,1923,7,70.9,80.2,89.5
1923-08,1923,8,71.8,81.8,91.8
1923-09,1923,9,65.2,73.5,81.8
1923-10,1923,10,51,60.8,70.6
1923-11,1923,11,42.7,52.5,62.3
1923-12,1923,12,42.8,51.2,59.6
1924-01,1924,1,27.8,37,46.1
1924-02,1924,2,35.4,44.2,53.1
1924-03,1924,3,38.8,47.5,56.2
1924-04,1924,4,52.1,62.5,72.9
1924-05,1924,5,55.1,65.8,76.6
1924-06,1924,6,70.1,79.5,88.9
1924-07,1924,7,69.7,80.1,90.6
1924-08,1924,8,71.8,83.1,94.4
1924-09,1924,9,60,70.2,80.3
1924-10,1924,10,54.1,66.9,79.6
1924-11,1924,11,43.6,54.3,65
1924-12,1924,12,32.4,42.1,51.9
1925-01,1925,1,32.8,41.9,51
1925-02,1925,2,39.9,50.2,60.6
1925-03,1925,3,45,56.9,68.7
1925-04,1925,4,57.5,68.1,78.8
1925-05,1925,5,57.6,69.2,80.9
1925-06,1925,6,72,83.1,94.2
1925-07,1925,7,72.5,82,91.6
1925-08,1925,8,69.9,81.4,92.9
1925-09,1925,9,71.5,82.2,92.9
1925-10,1925,10,51.4,59.8,68.2
1925-11,1925,11,41.9,51.5,61
1925-12,1925,12,31.9,41.1,50.4
1926-01,1926,1,33.2,41.7,50.1
1926-02,1926,2,39.6,49.5,59.3
1926-03,1926,3,39.8,49,58.2
1926-04,1926,4,48,59.3,70.5
1926-05,1926,5,59.9,70.8,81.6
1926-06,1926,6,67.5,78.2,88.9
1926-07,1926,7,70.4,81.4,92.4
1926-08,1926,8,72.2,81.6,91.1
1926-09,1926,9,68.2,77.7,87.3
1926-10,1926,10,56.8,66.1,75.4
1926-11,1926,11,38.5,47.9,57.4
1926-12,1926,12,35.4,43.8,52.1
1927-01,1927,1,34.3,43.2,52.1
1927-02,1927,2,43.3,52.4,61.6
1927-03,1927,3,45,54,63
1927-04,1927,4,57.2,66.3,75.4
1927-05,1927,5,63,72,81.1
1927-06,1927,6,67.8,76.6,85.5
1927-07,1927,7,70.9,80.7,90.5
1927-08,1927,8,68.6,77.2,85.8
1927-09,1927,9,66.9,76.8,86.7
1927-10,1927,10,55.1,67.2,79.3
1927-11,1927,11,47.1,56.8,66.5
1927-12,1927,12,32.9,42.3,51.8
1928-01,1928,1,34,43.8,53.7
1928-02,1928,2,37.3,46,54.7
1928-03,1928,3,43.8,53.9,63.9
1928-04,1928,4,48.3,57.8,67.3
1928-05,1928,5,59.9,70.4,80.8
1928-06,1928,6,66.5,75.1,83.8
1928-07,1928,7,71.8,81.1,90.4
1928-08,1928,8,72.6,82,91.5
1928-09,1928,9,61,71.7,82.4
1928-10,1928,10,56.8,67.2,77.5
1928-11,1928,11,42.7,51.3,60
1928-12,1928,12,34.8,44.2,53.6
1929-01,1929,1,29.7,39.2,48.6
1929-02,1929,2,28.9,36.7,44.5
1929-03,1929,3,46.9,56.8,66.7
1929-04,1929,4,56,64.7,73.4
1929-05,1929,5,58.8,68.1,77.4
1929-06,1929,6,67.4,77.1,86.7
1929-07,1929,7,72.2,82.4,92.6
1929-08,1929,8,70.1,81.9,93.6
1929-09,1929,9,64.7,74.6,84.6
1929-10,1929,10,54.5,64.1,73.7
1929-11,1929,11,39.6,47.6,55.6
1929-12,1929,12,36.8,46.1,55.4
1930-01,1930,1,27.2,35.2,43.1
1930-02,1930,2,44.4,53.8,63.2
1930-03,1930,3,41.8,52,62.2
1930-04,1930,4,55.1,66.1,77.2
1930-05,1930,5,61.1,69.9,78.7
1930-06,1930,6,67.5,78.6,89.8
1930-07,1930,7,74.4,86.4,98.4
1930-08,1930,8,71.2,82.9,94.7
1930-09,1930,9,66.6,76.6,86.7
1930-10,1930,10,51.9,61.1,70.3
1930-11,1930,11,42.6,51.6,60.6
1930-12,1930,12,34.1,42.1,50.1
1931-01,1931,1,35.1,43.8,52.6
1931-02,1931,2,40.8,49.6,58.4
1931-03,1931,3,39.5,48.3,57.2
1931-04,1931,4,50.3,60.5,70.8
1931-05,1931,5,56.5,66.2,75.8
1931-06,1931,6,69.2,79.9,90.6
1931-07,1931,7,72.3,81.8,91.2
1931-08,1931,8,68.7,77.8,87
1931-09,1931,9,69.3,79.8,90.3
1931-10,1931,10,57.8,68.3,78.8
1931-11,1931,11,50.7,58.7,66.8
1931-12,1931,12,42.6,49.8,56.9
1932-01,1932,1,39.6,47.9,56.2
1932-02,1932,2,43.7,53.2,62.7
1932-03,1932,3,39.8,49.6,59.4
1932-04,1932,4,55.2,65.3,75.5
1932-05,1932,5,60.9,70.7,80.5
1932-06,1932,6,70.7,80,89.2
1932-07,1932,7,74.4,83.6,92.8
1932-08,1932,8,72.6,83.1,93.5
1932-09,1932,9,64.9,74.7,84.4
1932-10,1932,10,50.5,61.8,73.1
1932-11,1932,11,37.4,47.5,57.7
1932-12,1932,12,33,40.3,47.5
1933-01,1933,1,41.3,50.1,58.8
1933-02,1933,2,33.1,42.2,51.4
1933-03,1933,3,43,53.1,63.1
1933-04,1933,4,51.6,61.6,71.6
1933-05,1933,5,63,72.5,82
1933-06,1933,6,67.9,79.3,90.7
1933-07,1933,7,72.8,81.2,89.5
1933-08,1933,8,70.7,79.6,88.5
1933-09,1933,9,70.1,79.5,89
1933-10,1933,10,52.9,63.5,74.2
1933-11,1933,11,43.6,53.9,64.2
1933-12,1933,12,40.1,49.3,58.4
1934-01,1934,1,36.3,45,53.7
1934-02,1934,2,32.2,41.9,51.6
1934-03,1934,3,38.9,49.9,61
1934-04,1934,4,52.5,62.7,73
1934-05,1934,5,60.9,71.3,81.8
1934-06,1934,6,70.7,81.3,92
1934-07,1934,7,73.7,85.2,96.7
1934-08,1934,8,74.1,85.2,96.2
1934-09,1934,9,62,72.5,83.1
1934-10,1934,10,56.6,68.2,79.7
1934-11,1934,11,44.6,54.7,64.8
1934-12,1934,12,33.7,42.4,51.1
1935-01,1935,1,34.6,43.9,53.1
1935-02,1935,2,37,46.8,56.7
1935-03,1935,3,49.5,59.9,70.3
1935-04,1935,4,51.9,60.6,69.3
1935-05,1935,5,58.8,67.5,76.1
1935-06,1935,6,67,75.7,84.4
1935-07,1935,7,73.2,82.6,92.1
1935-08,1935,8,72.1,82.6,93.2
1935-09,1935,9,63.2,73.9,84.6
1935-10,1935,10,55,64.7,74.3
1935-11,1935,11,42,50.3,58.6
1935-12,1935,12,30.9,38.5,46.2
1936-01,1936,1,29.2,38.3,47.4
1936-02,1936,2,28.4,37.1,46
1936-03,1936,3,47.5,58.2,68.9
1936-04,1936,4,48.4,60.1,71.8
1936-05,1936,5,62.4,72.2,82
1936-06,1936,6,69,80.8,92.7
1936-07,1936,7,73.1,82.7,92.4
1936-08,1936,8,73.8,85.2,96.5
1936-09,1936,9,69.5,79.7,90
1936-10,1936,10,52,62.2,72.5
1936-11,1936,11,39.5,49.6,59.7
1936-12,1936,12,37.7,46.2,54.7
1937-01,1937,1,34.9,42.2,49.4
1937-02,1937,2,35.4,44.5,53.6
1937-03,1937,3,39.2,49,58.8
1937-04,1937,4,51.6,62.2,72.8
1937-05,1937,5,61.8,72,82.1
1937-06,1937,6,70.7,79.9,89
1937-07,1937,7,71.6,80.9,90.3
1937-08,1937,8,73.4,83.3,93.2
1937-09,1937,9,64.2,73.7,83.1
1937-10,1937,10,51.2,61.1,71.1
1937-11,1937,11,40.5,48.8,57.1
1937-12,1937,12,36,43.1,50.2
1938-01,1938,1,34.1,43.1,52
1938-02,1938,2,42.5,51.2,59.9
1938-03,1938,3,50.5,60.7,71
1938-04,1938,4,52.4,62.8,73.2
1938-05,1938,5,61.5,71.5,81.6
1938-06,1938,6,67.3,76.4,85.5
1938-07,1938,7,72.4,83.1,93.7
1938-08,1938,8,72.8,84.1,95.5
1938-09,1938,9,64.4,76.8,89.1
1938-10,1938,10,52.5,67.4,82.3
1938-11,1938,11,40.3,51.7,63.2
1938-12,1938,12,35.3,44.6,53.9
1939-01,1939,1,36.5,46.1,55.8
1939-02,1939,2,34.9,44.2,53.6
1939-03,1939,3,45.4,56.4,67.5
1939-04,1939,4,49.2,59.5,69.8
1939-05,1939,5,60,69.9,79.8
1939-06,1939,6,70.1,79.2,88.3
1939-07,1939,7,72.3,82.6,92.9
1939-08,1939,8,70.5,81.1,91.8
1939-09,1939,9,68,80.7,93.4
1939-10,1939,10,53.1,65.8,78.5
1939-11,1939,11,40.1,49.9,59.6
1939-12,1939,12,37.2,46.7,56.2
1940-01,1940,1,20.7,29,37.4
1940-02,1940,2,33.8,42.5,51.1
1940-03,1940,3,41.2,52.5,63.8
1940-04,1940,4,50.4,60.5,70.6
1940-05,1940,5,55,67,78.9
1940-06,1940,6,66.6,76,85.5
1940-07,1940,7,70.9,79,87.1
1940-08,1940,8,69.3,78.9,88.4
1940-09,1940,9,61,72.4,83.8
1940-10,1940,10,52.9,66.1,79.2
1940-11,1940,11,40.9,50.6,60.2
1940-12,1940,12,38.6,47.8,57.1
1941-01,1941,1,35.2,44.3,53.3
1941-02,1941,2,32.2,41.2,50.2
1941-03,1941,3,38.1,47.9,57.7
1941-04,1941,4,54.6,64.3,74.1
1941-05,1941,5,62,72.2,82.4
1941-06,1941,6,67.4,77.1,86.8
1941-07,1941,7,71.9,81.7,91.5
1941-08,1941,8,71.8,81.7,91.6
1941-09,1941,9,66.6,76.5,86.3
1941-10,1941,10,59.8,69,78.3
1941-11,1941,11,40.2,51,61.8
1941-12,1941,12,37.3,45.4,53.6
1942-01,1942,1,28.9,39.4,49.9
1942-02,1942,2,33.4,41.9,50.5
1942-03,1942,3,43.1,54.2,65.3
1942-04,1942,4,53.7,63.2,72.7
1942-05,1942,5,58.3,68.8,79.2
1942-06,1942,6,68.4,78.2,87.9
1942-07,1942,7,71,82.3,93.6
1942-08,1942,8,69.9,79.5,89.1
1942-09,1942,9,61.1,72.4,83.8
1942-10,1942,10,50.7,63.9,77.1
1942-11,1942,11,43.9,54.5,65.2
1942-12,1942,12,35.2,43.4,51.6
1943-01,1943,1,30.3,42.3,54.2
1943-02,1943,2,36.7,48.8,60.8
1943-03,1943,3,37.2,47.5,57.8
1943-04,1943,4,52.2,63.4,74.6
1943-05,1943,5,62.6,72.4,82.2
1943-06,1943,6,71.5,81.5,91.5
1943-07,1943,7,71.9,84.3,96.7
1943-08,1943,8,71.9,85.7,99.5
1943-09,1943,9,61.3,72.5,83.7
1943-10,1943,10,50.7,62.5,74.2
1943-11,1943,11,37.5,50.2,63
1943-12,1943,12,32.5,40.9,49.3
1944-01,1944,1,33.3,43,52.6
1944-02,1944,2,40,49.1,58.2
1944-03,1944,3,41.2,51.8,62.5
1944-04,1944,4,51.4,61,70.7
1944-05,1944,5,61,71.2,81.5
1944-06,1944,6,69.9,80.9,91.9
1944-07,1944,7,69.2,82.5,95.8
1944-08,1944,8,71,81.1,91.2
1944-09,1944,9,64,75.5,87
1944-10,1944,10,50.3,65.2,80.2
1944-11,1944,11,44,53.2,62.3
1944-12,1944,12,29.9,38.3,46.8
1945-01,1945,1,31.9,41.1,50.3
1945-02,1945,2,34.9,43.8,52.8
1945-03,1945,3,49.4,59.6,69.8
1945-04,1945,4,54,63.9,73.8
1945-05,1945,5,56.7,67.1,77.6
1945-06,1945,6,67.6,76.7,85.8
1945-07,1945,7,69.5,79.2,89
1945-08,1945,8,69.9,80,90.2
1945-09,1945,9,65,74.7,84.4
1945-10,1945,10,50.7,61.5,72.3
1945-11,1945,11,43.9,54,64.1
1945-12,1945,12,29.4,38.1,46.8
1946-01,1946,1,33.6,41.9,50.3
1946-02,1946,2,36.7,48.5,60.3
1946-03,1946,3,49.8,59.3,68.7
1946-04,1946,4,54.9,65.6,76.3
1946-05,1946,5,58.1,67.3,76.5
1946-06,1946,6,66.6,76.7,86.8
1946-07,1946,7,71.4,81.5,91.5
1946-08,1946,8,69.3,79.8,90.4
1946-09,1946,9,61.8,72.6,83.4
1946-10,1946,10,51.2,64.1,77
1946-11,1946,11,44.6,54.5,64.4
1946-12,1946,12,39.1,49.4,59.6
1947-01,1947,1,35.6,43.8,52
1947-02,1947,2,27.6,38.4,49.1
1947-03,1947,3,35.6,45.7,55.9
1947-04,1947,4,52.6,62.6,72.7
1947-05,1947,5,58,68.5,79.1
1947-06,1947,6,67.7,77.6,87.5
1947-07,1947,7,67.8,79.5,91.3
1947-08,1947,8,73.4,85.2,97.1
1947-09,1947,9,63.4,76.1,88.9
1947-10,1947,10,58.1,69.7,81.4
1947-11,1947,11,39.7,48.4,57
1947-12,1947,12,34.6,45.3,56
1948-01,1948,1,26.1,34.8,43.5
1948-02,1948,2,34.2,42.1,50
1948-03,1948,3,42.1,52,61.8
1948-04,1948,4,55.7,67.4,79.1
1948-05,1948,5,59.7,69.8,79.9
1948-06,1948,6,68.1,79.4,90.8
1948-07,1948,7,71.6,81.9,92.2
1948-08,1948,8,70,79.4,88.7
1948-09,1948,9,62.5,73.9,85.3
1948-10,1948,10,47.5,61.1,74.7
1948-11,1948,11,41.8,52.3,62.8
1948-12,1948,12,36,45.5,55
1949-01,1949,1,35.7,43.6,51.6
1949-02,1949,2,37.1,47.5,57.9
1949-03,1949,3,41.3,51.8,62.2
1949-04,1949,4,51.5,61.3,71.1
1949-05,1949,5,62,72.8,83.5
1949-06,1949,6,69.6,79,88.5
1949-07,1949,7,73.2,82.1,91.1
1949-08,1949,8,69.1,78.9,88.7
1949-09,1949,9,59.3,70.2,81.1
1949-10,1949,10,55,64.4,73.8
1949-11,1949,11,39.8,53.5,67.3
1949-12,1949,12,35.4,45.7,56.1
1950-01,1950,1,40.1,49.4,58.7
1950-02,1950,2,36.9,47.1,57.3
1950-03,1950,3,39,50,60.9
1950-04,1950,4,49.1,59.8,70.6
1950-05,1950,5,61.4,70.8,80.1
1950-06,1950,6,67.7,77.4,87.1
1950-07,1950,7,69.4,78.5,87.5
1950-08,1950,8,68.1,77,86
1950-09,1950,9,63.5,71.1,78.7
1950-10,1950,10,55.5,67.1,78.8
1950-11,1950,11,36.1,47.9,59.8
1950-12,1950,12,28.4,38.9,49.5
1951-01,1951,1,31.9,42.8,53.7
1951-02,1951,2,34.9,45.2,55.6
1951-03,1951,3,41.8,52.5,63.2
1951-04,1951,4,48.3,59,69.6
1951-05,1951,5,58.2,70.5,82.9
1951-06,1951,6,67.8,77.4,87
1951-07,1951,7,72.4,81.7,91.1
1951-08,1951,8,71.6,82.8,93.9
1951-09,1951,9,62.1,73,84
1951-10,1951,10,51.4,63.9,76.4
1951-11,1951,11,35.5,45.7,55.9
1951-12,1951,12,34.9,45,55.1
1952-01,1952,1,39.3,48.2,57.1
1952-02,1952,2,39.5,49.4,59.4
1952-03,1952,3,39.8,51,62.2
1952-04,1952,4,48.5,59,69.5
1952-05,1952,5,58.8,70.3,81.8
1952-06,1952,6,71.9,83.6,95.3
1952-07,1952,7,71.3,83.6,96
1952-08,1952,8,71.1,82.3,93.5
1952-09,1952,9,59.9,73.2,86.4
1952-10,1952,10,40.9,56.9,73
1952-11,1952,11,39.2,50.5,61.8
1952-12,1952,12,34.2,43.6,53
1953-01,1953,1,36.3,46.7,57.2
1953-02,1953,2,35.8,46.5,57.3
1953-03,1953,3,46.2,56.9,67.6
1953-04,1953,4,47.9,58.7,69.5
1953-05,1953,5,61.7,71.5,81.3
1953-06,1953,6,72.9,84.7,96.5
1953-07,1953,7,71.7,81.6,91.5
1953-08,1953,8,69.5,81.5,93.4
1953-09,1953,9,61.4,76.6,91.9
1953-10,1953,10,51.9,66,80.1
1953-11,1953,11,37.1,50.7,64.4
1953-12,1953,12,31.5,41.8,52.2
1954-01,1954,1,32.1,42.2,52.3
1954-02,1954,2,38.5,51.5,64.6
1954-03,1954,3,41.3,52.5,63.6
1954-04,1954,4,56.2,67.4,78.5
1954-05,1954,5,56.3,66.5,76.8
1954-06,1954,6,70,81.8,93.6
1954-07,1954,7,74.1,86.7,99.2
1954-08,1954,8,73.9,87.4,100.8
1954-09,1954,9,64.7,78.8,92.9
1954-10,1954,10,54.1,64.8,75.6
1954-11,1954,11,40,52.1,64.2
1954-12,1954,12,33.1,44,54.8
1955-01,1955,1,32.7,42.5,52.3
1955-02,1955,2,34.3,44.5,54.7
1955-03,1955,3,43.6,54.1,64.6
1955-04,1955,4,55.6,66.6,77.5
1955-05,1955,5,62.2,72.8,83.4
1955-06,1955,6,63.6,74.2,84.8
1955-07,1955,7,73,83,92.9
1955-08,1955,8,71.6,81.4,91.1
1955-09,1955,9,64.5,77.2,89.8
1955-10,1955,10,50.4,63.2,76.1
1955-11,1955,11,38.4,50.6,62.9
1955-12,1955,12,32.4,42.1,51.7
1956-01,1956,1,30.1,39.8,49.5
1956-02,1956,2,38,46.7,55.3
1956-03,1956,3,41.5,52.6,63.7
1956-04,1956,4,49.6,60.6,71.6
1956-05,1956,5,63.7,73.7,83.7
1956-06,1956,6,67.9,77.7,87.5
1956-07,1956,7,71.5,82.5,93.6
1956-08,1956,8,71.2,83.6,96
1956-09,1956,9,59.7,73.9,88.2
1956-10,1956,10,54.6,67.1,79.7
1956-11,1956,11,38.5,50.6,62.6
1956-12,1956,12,38.6,49,59.5
1957-01,1957,1,31.5,39.9,48.4
1957-02,1957,2,42.1,50,58
1957-03,1957,3,41.2,50.9,60.6
1957-04,1957,4,53,62.6,72.2
1957-05,1957,5,62.5,72.2,81.9
1957-06,1957,6,69.6,78.6,87.5
1957-07,1957,7,72.1,82.4,92.7
1957-08,1957,8,70.2,79.9,89.7
1957-09,1957,9,63,72.4,81.9
1957-10,1957,10,50.4,60.4,70.4
1957-11,1957,11,43.1,52.1,61
1957-12,1957,12,38.3,48.7,59.1
1958-01,1958,1,30,40,50
1958-02,1958,2,29.5,38.5,47.5
1958-03,1958,3,38.7,46.3,53.9
1958-04,1958,4,51.7,61.2,70.8
1958-05,1958,5,61,70.9,80.8
1958-06,1958,6,67.5,77.6,87.6
1958-07,1958,7,72.6,81.7,90.7
1958-08,1958,8,71.1,80.9,90.7
1958-09,1958,9,65.4,74.7,84.1
1958-10,1958,10,51.9,62.6,73.4
1958-11,1958,11,42.3,54.3,66.3
1958-12,1958,12,29.9,39.7,49.5
1959-01,1959,1,28.9,39.3,49.6
1959-02,1959,2,35.1,44.4,53.7
1959-03,1959,3,40.4,52.4,64.4
1959-04,1959,4,51,61.9,72.8
1959-05,1959,5,64.6,74.4,84.3
1959-06,1959,6,68.1,77,86
1959-07,1959,7,70.1,79.5,89
1959-08,1959,8,72.1,81.8,91.6
1959-09,1959,9,65.2,75.1,85
1959-10,1959,10,53.2,63.7,74.2
1959-11,1959,11,36,47.4,58.7
1959-12,1959,12,37.7,46.3,54.9
1960-01,1960,1,34,41.2,48.3
1960-02,1960,2,31.7,39.9,48.1
1960-03,1960,3,31.9,41,50.1
1960-04,1960,4,53.2,64.6,76.1
1960-05,1960,5,56.2,68.2,80.1
1960-06,1960,6,67.4,77.9,88.4
1960-07,1960,7,70.6,80.7,90.8
1960-08,1960,8,70.8,81.4,92
1960-09,1960,9,64.5,76.3,88.1
1960-10,1960,10,53.5,64,74.6
1960-11,1960,11,38.7,51.2,63.8
1960-12,1960,12,28.4,38.2,48.1
1961-01,1961,1,24.7,36.7,48.6
1961-02,1961,2,37.9,47.8,57.7
1961-03,1961,3,45.3,55.6,65.9
1961-04,1961,4,48.8,60.1,71.3
1961-05,1961,5,57.2,68.2,79.1
1961-06,1961,6,64.7,75.5,86.4
1961-07,1961,7,69.2,80.1,91.1
1961-08,1961,8,68.7,78.6,88.5
1961-09,1961,9,63.1,74.1,85.1
1961-10,1961,10,49.4,63.1,76.7
1961-11,1961,11,41.3,51.3,61.3
1961-12,1961,12,33,41.4,49.8
1962-01,1962,1,26.4,37,47.7
1962-02,1962,2,38.3,49.2,60
1962-03,1962,3,38.3,48.9,59.6
1962-04,1962,4,48.5,59.6,70.7
1962-05,1962,5,62.3,75.2,88.1
1962-06,1962,6,67.4,77.4,87.4
1962-07,1962,7,71.8,82,92.2
1962-08,1962,8,69.7,82.4,95.1
1962-09,1962,9,63.6,73.2,82.7
1962-10,1962,10,56.2,66.3,76.5
1962-11,1962,11,40.7,50.5,60.3
1962-12,1962,12,31.8,42.2,52.5
1963-01,1963,1,22.7,34.2,45.6
1963-02,1963,2,27,39.5,52
1963-03,1963,3,44,57.5,71
1963-04,1963,4,54.4,64.8,75.1
1963-05,1963,5,59.5,71.1,82.6
1963-06,1963,6,67.4,79.5,91.6
1963-07,1963,7,70.9,81.1,91.3
1963-08,1963,8,69.6,81.2,92.8
1963-09,1963,9,63.1,74.5,85.9
1963-10,1963,10,52.7,69.9,87.2
1963-11,1963,11,41.4,54,66.5
1963-12,1963,12,23.5,34.1,44.6
1964-01,1964,1,27.3,41.2,55.1
1964-02,1964,2,30,41.5,53
1964-03,1964,3,39.6,52.7,65.7
1964-04,1964,4,53.8,64.7,75.6
1964-05,1964,5,61.1,72.1,83.2
1964-06,1964,6,68.1,79.5,90.9
1964-07,1964,7,71.1,83,94.8
1964-08,1964,8,68.7,79.6,90.4
1964-09,1964,9,62.2,73.5,84.8
1964-10,1964,10,46.6,60.1,73.7
1964-11,1964,11,41.9,54.6,67.4
1964-12,1964,12,34.3,43.8,53.3
1965-01,1965,1,33.3,44.3,55.4
1965-02,1965,2,31.6,43.2,54.8
1965-03,1965,3,35.7,44.9,54
1965-04,1965,4,53.8,66.3,78.7
1965-05,1965,5,62.6,72.7,82.9
1965-06,1965,6,67.9,77.7,87.5
1965-07,1965,7,71.4,82.3,93.1
1965-08,1965,8,68.4,80.7,93.1
1965-09,1965,9,64.2,74.1,84.1
1965-10,1965,10,48.7,61.9,75.2
1965-11,1965,11,46.7,57.2,67.6
1965-12,1965,12,36,46.9,57.9
1966-01,1966,1,27.8,36.2,44.6
1966-02,1966,2,33.9,42.8,51.6
1966-03,1966,3,41.6,54.1,66.6
1966-04,1966,4,51.5,62.3,73.2
1966-05,1966,5,56.9,68.5,80.1
1966-06,1966,6,64.7,77.4,90.1
1966-07,1966,7,72.8,83.9,95
1966-08,1966,8,67.9,77.5,87
1966-09,1966,9,61.3,71.8,82.3
1966-10,1966,10,46.3,59.2,72.1
1966-11,1966,11,44,55.1,66.1
1966-12,1966,12,34.1,43.2,52.2
1967-01,1967,1,31.3,42.5,53.8
1967-02,1967,2,30,41.2,52.5
1967-03,1967,3,46.7,58.9,71.2
1967-04,1967,4,56.4,66.8,77.1
1967-05,1967,5,57.4,68.5,79.5
1967-06,1967,6,69.2,78.9,88.7
1967-07,1967,7,68.5,77.9,87.3
1967-08,1967,8,65.3,76,86.7
1967-09,1967,9,59.7,69.4,79.1
1967-10,1967,10,48.9,61.8,74.6
1967-11,1967,11,38,49.8,61.5
1967-12,1967,12,33.6,43.4,53.2
1968-01,1968,1,30.3,38.3,46.4
1968-02,1968,2,28.3,38.9,49.5
1968-03,1968,3,39.8,51.1,62.5
1968-04,1968,4,50.5,61.4,72.2
1968-05,1968,5,57.7,67.9,78.2
1968-06,1968,6,67.4,78,88.7
1968-07,1968,7,68.4,78.6,88.7
1968-08,1968,8,71.3,81.2,91.1
1968-09,1968,9,58.1,70.7,83.3
1968-10,1968,10,50,62.5,75
1968-11,1968,11,41.4,50.9,60.3
1968-12,1968,12,32.3,41.9,51.5
1969-01,1969,1,33.6,43,52.5
1969-02,1969,2,33.8,43,52.2
1969-03,1969,3,35.5,46.1,56.8
1969-04,1969,4,51.1,62.2,73.4
1969-05,1969,5,58.6,70.2,81.9
1969-06,1969,6,66.3,77.3,88.3
1969-07,1969,7,74,84.6,95.3
1969-08,1969,8,67,79,91
1969-09,1969,9,62,73.3,84.6
1969-10,1969,10,51,63,75
1969-11,1969,11,37.4,49.9,62.3
1969-12,1969,12,32.2,41.4,50.7
1970-01,1970,1,25,35.5,46.1
1970-02,1970,2,31.7,42.6,53.6
1970-03,1970,3,39.4,48.2,57.1
1970-04,1970,4,52.6,63.8,74.9
1970-05,1970,5,59.6,71.9,84.2
1970-06,1970,6,67.2,78,88.8
1970-07,1970,7,69.3,80.1,90.9
1970-08,1970,8,70.9,81,91.2
1970-09,1970,9,66.6,77.8,89
1970-10,1970,10,51,61.8,72.5
1970-11,1970,11,39.4,50.3,61.2
1970-12,1970,12,37.6,47.4,57.3
1971-01,1971,1,31.1,41.3,51.5
1971-02,1971,2,33.4,44.4,55.3
1971-03,1971,3,38,49.6,61.1
1971-04,1971,4,46.9,60.2,73.5
1971-05,1971,5,54.7,66.4,78
1971-06,1971,6,68.7,79.8,91
1971-07,1971,7,70.6,80.5,90.4
1971-08,1971,8,68.7,78,87.2
1971-09,1971,9,65.6,76.4,87.2
1971-10,1971,10,57.1,69.2,81.4
1971-11,1971,11,39.2,51.1,63.1
1971-12,1971,12,41.3,49.6,57.9
1972-01,1972,1,32.6,43.1,53.6
1972-02,1972,2,33.9,46,58
1972-03,1972,3,41.7,54,66.3
1972-04,1972,4,51,63,75.1
1972-05,1972,5,57.8,70.1,82.5
1972-06,1972,6,66.7,79,91.3
1972-07,1972,7,68.8,80,91.2
1972-08,1972,8,69.3,81.3,93.3
1972-09,1972,9,66.9,76.5,86.2
1972-10,1972,10,52.1,62.3,72.6
1972-11,1972,11,39.1,47.2,55.2
1972-12,1972,12,31.9,40.4,48.9
1973-01,1973,1,30.6,39.5,48.3
1973-02,1973,2,31.8,42.2,52.7
1973-03,1973,3,47.8,57.3,66.7
1973-04,1973,4,50.4,59.8,69.2
1973-05,1973,5,56.7,68.3,79.9
1973-06,1973,6,67.7,78.1,88.4
1973-07,1973,7,71.6,81.1,90.6
1973-08,1973,8,68.6,79.7,90.9
1973-09,1973,9,66.5,75.3,84.1
1973-10,1973,10,56,67.2,78.4
1973-11,1973,11,46.4,56.4,66.4
1973-12,1973,12,32.9,43.1,53.2
1974-01,1974,1,34.4,42.1,49.9
1974-02,1974,2,34,46.2,58.4
1974-03,1974,3,47.2,58.4,69.6
1974-04,1974,4,49.2,61.4,73.6
1974-05,1974,5,62,71.9,81.8
1974-06,1974,6,63.7,74.1,84.5
1974-07,1974,7,71.5,82.7,93.8
1974-08,1974,8,68.5,78.8,89.1
1974-09,1974,9,59.8,68.6,77.4
1974-10,1974,10,49.3,62.2,75.2
1974-11,1974,11,42.4,52.1,61.9
1974-12,1974,12,34.1,43.7,53.4
1975-01,1975,1,33.8,44.6,55.5
1975-02,1975,2,33.8,44.3,54.7
1975-03,1975,3,39.1,48.6,58.1
1975-04,1975,4,49.2,60.5,71.8
1975-05,1975,5,62,72,82
1975-06,1975,6,67.4,77.9,88.3
1975-07,1975,7,70,80.3,90.6
1975-08,1975,8,70,79.7,89.3
1975-09,1975,9,58.6,69.5,80.5
1975-10,1975,10,49.8,63.3,76.8
1975-11,1975,11,40.2,51.8,63.5
1975-12,1975,12,33.2,43,52.8
1976-01,1976,1,27.9,39.9,51.8
1976-02,1976,2,40,52.4,64.8
1976-03,1976,3,46,56.5,67.1
1976-04,1976,4,50.6,61.7,72.7
1976-05,1976,5,53.7,64.7,75.7
1976-06,1976,6,64.6,74.4,84.3
1976-07,1976,7,69.2,80.1,91
1976-08,1976,8,66,78.8,91.6
1976-09,1976,9,61.6,71.8,82.1
1976-10,1976,10,45.7,57.5,69.3
1976-11,1976,11,33.4,45,56.5
1976-12,1976,12,29.3,41.1,52.9
1977-01,1977,1,20.8,30.1,39.3
1977-02,1977,2,33,45.7,58.4
1977-03,1977,3,44.5,56,67.5
1977-04,1977,4,53,64.7,76.4
1977-05,1977,5,62.1,73.5,85
1977-06,1977,6,69.1,80.1,91.1
1977-07,1977,7,72.4,82.2,91.9
1977-08,1977,8,70.9,80.6,90.4
1977-09,1977,9,67.1,77.2,87.2
1977-10,1977,10,50.4,62.3,74.3
1977-11,1977,11,43.7,52.8,61.9
1977-12,1977,12,31.6,41.7,51.8
1978-01,1978,1,23.8,31.2,38.6
1978-02,1978,2,24.8,33.1,41.3
1978-03,1978,3,39.1,49.6,60
1978-04,1978,4,53.2,64.9,76.6
1978-05,1978,5,59.9,70.1,80.2
1978-06,1978,6,68.4,78.3,88.1
1978-07,1978,7,72.6,83.9,95.1
1978-08,1978,8,70.2,82,93.8
1978-09,1978,9,66.5,76,85.5
1978-10,1978,10,47.8,61.4,75.1
1978-11,1978,11,44.2,54.7,65.2
1978-12,1978,12,32,42.5,53
1979-01,1979,1,21.9,29,36.1
1979-02,1979,2,29.1,37.7,46.4
1979-03,1979,3,43.9,54.5,65
1979-04,1979,4,51.1,61.8,72.6
1979-05,1979,5,59.1,68.9,78.8
1979-06,1979,6,66.9,76.8,86.6
1979-07,1979,7,71.4,80.4,89.3
1979-08,1979,8,69.4,78.8,88.3
1979-09,1979,9,61.5,71.8,82
1979-10,1979,10,52,64.8,77.7
1979-11,1979,11,37.9,49.4,61
1979-12,1979,12,33.4,44.7,55.9
1980-01,1980,1,34,42.7,51.4
1980-02,1980,2,29.1,39.5,49.8
1980-03,1980,3,38.3,49,59.7
1980-04,1980,4,48.3,60.5,72.7
1980-05,1980,5,60.3,70.2,80.1
1980-06,1980,6,68.9,79.4,89.8
1980-07,1980,7,74.1,87.7,101.3
1980-08,1980,8,73.2,86.5,99.8
1980-09,1980,9,66.8,78.4,89.9
1980-10,1980,10,48.1,60.8,73.5
1980-11,1980,11,39.6,50.3,61
1980-12,1980,12,32.7,42.9,53.2
1981-01,1981,1,28.5,39.7,50.9
1981-02,1981,2,33,44,55
1981-03,1981,3,40.9,52,63.1
1981-04,1981,4,57.2,67.8,78.5
1981-05,1981,5,56.8,67,77.1
1981-06,1981,6,70.8,79.8,88.8
1981-07,1981,7,73.3,82.9,92.5
1981-08,1981,8,69.6,79.5,89.4
1981-09,1981,9,61.7,73.6,85.5
1981-10,1981,10,50.4,61.1,71.8
1981-11,1981,11,42.8,54.6,66.4
1981-12,1981,12,31.6,42,52.3
1982-01,1982,1,25.4,36.4,47.3
1982-02,1982,2,31.5,40.2,48.9
1982-03,1982,3,45.7,55.8,66
1982-04,1982,4,47,57.6,68.2
1982-05,1982,5,61.8,72.1,82.4
1982-06,1982,6,65.9,75.7,85.5
1982-07,1982,7,72.5,82.6,92.7
1982-08,1982,8,72.1,81.2,90.2
1982-09,1982,9,62.3,73.4,84.5
1982-10,1982,10,51.3,63.5,75.7
1982-11,1982,11,42.4,52.3,62.2
1982-12,1982,12,40,48.3,56.7
1983-01,1983,1,30.7,38.8,46.9
1983-02,1983,2,34.6,43.8,53
1983-03,1983,3,39.8,50.4,61
1983-04,1983,4,45.1,54.5,64
1983-05,1983,5,57.8,67.6,77.4
1983-06,1983,6,65.7,76.1,86.6
1983-07,1983,7,72.1,82.2,92.3
1983-08,1983,8,73.1,85.4,97.7
1983-09,1983,9,62.6,75.4,88.3
1983-10,1983,10,52.5,64.1,75.6
1983-11,1983,11,41.2,51.9,62.6
1983-12,1983,12,23.7,31,38.3
1984-01,1984,1,24.8,35.4,46
1984-02,1984,2,34.7,46.6,58.6
1984-03,1984,3,40.4,50.1,59.7
1984-04,1984,4,49,59.5,70
1984-05,1984,5,56.9,68.2,79.5
1984-06,1984,6,68.2,79.4,90.7
1984-07,1984,7,69.4,80,90.6
1984-08,1984,8,68.7,78.3,87.8
1984-09,1984,9,61.7,71.9,82.1
1984-10,1984,10,56.4,64.7,72.9
1984-11,1984,11,39.1,50.1,61
1984-12,1984,12,42.4,51.5,60.6
1985-01,1985,1,24.5,34,43.4
1985-02,1985,2,29.9,38.4,47
1985-03,1985,3,46.4,56.9,67.4
1985-04,1985,4,52.2,63.1,74
1985-05,1985,5,59.5,70.3,81.1
1985-06,1985,6,67.7,78.5,89.2
1985-07,1985,7,70,81.2,92.4
1985-08,1985,8,70.3,80.8,91.3
1985-09,1985,9,62.1,73.1,84.2
1985-10,1985,10,56.2,66,75.8
1985-11,1985,11,47.2,55.8,64.4
1985-12,1985,12,27.7,38.2,48.7
1986-01,1986,1,29.4,42.2,55.1
1986-02,1986,2,37.4,48.3,59.2
1986-03,1986,3,41.8,54.8,67.7
1986-04,1986,4,52.7,63.8,74.8
1986-05,1986,5,61.1,71,80.9
1986-06,1986,6,70,79.2,88.3
1986-07,1986,7,74.1,85.6,97.1
1986-08,1986,8,67.7,78.6,89.5
1986-09,1986,9,66.9,77.1,87.2
1986-10,1986,10,53.4,63.6,73.7
1986-11,1986,11,42.5,50.1,57.7
1986-12,1986,12,34.7,42.6,50.4
1987-01,1987,1,30.7,39.8,48.9
1987-02,1987,2,37.5,46.4,55.3
1987-03,1987,3,42,53.7,65.4
1987-04,1987,4,47.7,61.5,75.4
1987-05,1987,5,64.8,75.7,86.6
1987-06,1987,6,68.7,79.2,89.8
1987-07,1987,7,71.6,81.7,91.9
1987-08,1987,8,73.2,84.2,95.1
1987-09,1987,9,62.6,74.6,86.5
1987-10,1987,10,46,59.2,72.4
1987-11,1987,11,42.8,53.3,63.9
1987-12,1987,12,36.2,44.8,53.4
1988-01,1988,1,25.7,35,44.3
1988-02,1988,2,31.6,42.8,54
1988-03,1988,3,40,51.7,63.3
1988-04,1988,4,49.3,61.2,73.2
1988-05,1988,5,56.9,69.9,83
1988-06,1988,6,65.1,78.7,92.3
1988-07,1988,7,71.5,81.2,90.9
1988-08,1988,8,71.8,82.5,93.1
1988-09,1988,9,64.7,75.4,86.1
1988-10,1988,10,49.3,60.2,71.1
1988-11,1988,11,41.9,52.9,64
1988-12,1988,12,33.3,44.2,55
1989-01,1989,1,35.8,45.3,54.8
1989-02,1989,2,30.4,38.4,46.5
1989-03,1989,3,41.3,52,62.8
1989-04,1989,4,50.5,62.3,74.2
1989-05,1989,5,59.5,68.9,78.3
1989-06,1989,6,66.9,75.9,84.8
1989-07,1989,7,70.5,78.6,86.8
1989-08,1989,8,69.6,79.9,90.2
1989-09,1989,9,61.8,71.2,80.6
1989-10,1989,10,50.8,63.3,75.9
1989-11,1989,11,43,54.6,66.2
1989-12,1989,12,23.5,34.9,46.4
1990-01,1990,1,36.7,46.8,56.9
1990-02,1990,2,39.9,50.7,61.5
1990-03,1990,3,45.6,54.7,63.8
1990-04,1990,4,50.5,61.3,72.1
1990-05,1990,5,58.3,67.9,77.5
1990-06,1990,6,69.6,79.9,90.3
1990-07,1990,7,71.1,82.5,93.8
1990-08,1990,8,70.9,81.6,92.4
1990-09,1990,9,66.9,77.4,88
1990-10,1990,10,49,61.4,73.8
1990-11,1990,11,44.3,56.6,68.8
1990-12,1990,12,32.8,43.1,53.5
1991-01,1991,1,31.4,38.3,45.1
1991-02,1991,2,36.1,48,59.9
1991-03,1991,3,45,56,67
1991-04,1991,4,54.7,64,73.3
1991-05,1991,5,65.2,73.6,82
1991-06,1991,6,70,79.3,88.6
1991-07,1991,7,71.7,82.4,93.1
1991-08,1991,8,69.6,80.1,90.6
1991-09,1991,9,64,73.5,83
1991-10,1991,10,52.7,64.5,76.4
1991-11,1991,11,38.7,48.2,57.8
1991-12,1991,12,38.9,46.8,54.6
1992-01,1992,1,32.7,41.8,51
1992-02,1992,2,39.1,49.8,60.6
1992-03,1992,3,42.4,53.8,65.2
1992-04,1992,4,50.9,62,73.1
1992-05,1992,5,58.2,68.5,78.8
1992-06,1992,6,66.8,76,85.2
1992-07,1992,7,71.6,80.7,89.8
1992-08,1992,8,66.1,76,86
1992-09,1992,9,62,72.8,83.6
1992-10,1992,10,51,63.8,76.6
1992-11,1992,11,41,49.9,58.8
1992-12,1992,12,35.6,43,50.3
1993-01,1993,1,31.7,40,48.4
1993-02,1993,2,32.4,42.6,52.8
1993-03,1993,3,40.4,50.3,60.2
1993-04,1993,4,48.1,57.8,67.6
1993-05,1993,5,58.5,68.6,78.6
1993-06,1993,6,68.7,77.9,87.1
1993-07,1993,7,74.3,85.3,96.4
1993-08,1993,8,73.1,83.4,93.8
1993-09,1993,9,61.3,73.1,85
1993-10,1993,10,49.8,61.3,72.7
1993-11,1993,11,37.2,47.4,57.6
1993-12,1993,12,34.2,43.9,53.6
1994-01,1994,1,29.3,37.8,46.3
1994-02,1994,2,33.4,44.1,54.9
1994-03,1994,3,41.5,53.3,65.1
1994-04,1994,4,51.9,63.9,75.9
1994-05,1994,5,57.4,67.6,77.7
1994-06,1994,6,71.2,80.9,90.5
1994-07,1994,7,70.2,79.6,88.9
1994-08,1994,8,67.9,78.2,88.5
1994-09,1994,9,61,72.2,83.4
1994-10,1994,10,54.7,64.2,73.7
1994-11,1994,11,47.1,55.8,64.6
1994-12,1994,12,37.3,45.4,53.5
1995-01,1995,1,33.8,42.4,51.1
1995-02,1995,2,34.4,45.6,56.9
1995-03,1995,3,44.5,54.7,64.9
1995-04,1995,4,50.6,61.9,73.1
1995-05,1995,5,60.6,69.9,79.1
1995-06,1995,6,66.2,76.5,86.9
1995-07,1995,7,71.7,82.1,92.6
1995-08,1995,8,74.6,85.8,97
1995-09,1995,9,61.7,72.1,82.5
1995-10,1995,10,50.1,63.9,77.7
1995-11,1995,11,38,49.8,61.6
1995-12,1995,12,32.8,41.3,49.7
1996-01,1996,1,29.2,39.9,50.5
1996-02,1996,2,33.5,45.4,57.3
1996-03,1996,3,36.4,47.3,58.2
1996-04,1996,4,48.3,59.7,71.1
1996-05,1996,5,64,73.7,83.3
1996-06,1996,6,68.7,78.3,88
1996-07,1996,7,71.7,81.2,90.6
1996-08,1996,8,70.2,80.1,90
1996-09,1996,9,61.9,72.5,83.2
1996-10,1996,10,51.6,63.1,74.6
1996-11,1996,11,39.9,47.4,55
1996-12,1996,12,36.5,45.7,54.9
1997-01,1997,1,30.8,40,49.1
1997-02,1997,2,38.2,46.6,55
1997-03,1997,3,44.6,56.1,67.5
1997-04,1997,4,47.1,57.3,67.5
1997-05,1997,5,56.2,67.5,78.7
1997-06,1997,6,66.7,76.1,85.4
1997-07,1997,7,73.3,83.5,93.8
1997-08,1997,8,69.5,79.7,90
1997-09,1997,9,64.2,76,87.8
1997-10,1997,10,51.9,63.4,74.8
1997-11,1997,11,40.8,49.3,57.8
1997-12,1997,12,34.3,42.1,50
1998-01,1998,1,37.9,45.6,53.3
1998-02,1998,2,38.9,48.2,57.4
1998-03,1998,3,41.2,50.7,60.3
1998-04,1998,4,50,61.6,73.3
1998-05,1998,5,64.2,74.6,85
1998-06,1998,6,72.4,82.3,92.3
1998-07,1998,7,75.8,86.5,97.3
1998-08,1998,8,72.5,83.2,93.9
1998-09,1998,9,69,79.7,90.3
1998-10,1998,10,55.2,65.9,76.6
1998-11,1998,11,45.9,55,64.1
1998-12,1998,12,36.8,45.4,54.1
1999-01,1999,1,33.2,43.3,53.5
1999-02,1999,2,39.1,50.5,61.9
1999-03,1999,3,39.9,49.8,59.6
1999-04,1999,4,54.6,64.7,74.7
1999-05,1999,5,59,69.8,80.5
1999-06,1999,6,69.1,78.2,87.3
1999-07,1999,7,74,83.4,92.8
1999-08,1999,8,70.9,83.3,95.8
1999-09,1999,9,61.8,74.3,86.8
1999-10,1999,10,50.4,63.8,77.2
1999-11,1999,11,44.5,57.1,69.8
1999-12,1999,12,34.8,45.2,55.7
2000-01,2000,1,33.4,42.9,52.4
2000-02,2000,2,37.6,49.3,61
2000-03,2000,3,45.4,55.7,66
2000-04,2000,4,50.3,60.7,71
2000-05,2000,5,63.2,72.2,81.2
2000-06,2000,6,68.3,76.8,85.3
2000-07,2000,7,72.3,82.3,92.3
2000-08,2000,8,73.6,86.4,99.1
2000-09,2000,9,63.4,75.8,88.2
2000-10,2000,10,52.9,65.3,77.8
2000-11,2000,11,39.6,48.4,57.2
2000-12,2000,12,24.3,32.6,40.8
2001-01,2001,1,28.5,37.4,46.3
2001-02,2001,2,36.5,46,55.6
2001-03,2001,3,39.5,48.7,57.9
2001-04,2001,4,55.8,66.6,77.3
2001-05,2001,5,60.7,71.5,82.3
2001-06,2001,6,67.1,77.1,87.1
2001-07,2001,7,73.7,83.1,92.5
2001-08,2001,8,72.1,82.2,92.2
2001-09,2001,9,62,72.5,83
2001-10,2001,10,47.7,60.6,73.6
2001-11,2001,11,44.3,55.9,67.4
2001-12,2001,12,36.5,46.2,55.9
2002-01,2002,1,32.4,43.2,54
2002-02,2002,2,32.4,43.2,54
2002-03,2002,3,37.6,48.4,59.3
2002-04,2002,4,54,64.3,74.7
2002-05,2002,5,58.7,68.1,77.6
2002-06,2002,6,68.6,78.2,87.7
2002-07,2002,7,73,82,91
2002-08,2002,8,71.9,81.5,91.1
2002-09,2002,9,66.5,76.9,87.3
2002-10,2002,10,53.4,61.5,69.6
2002-11,2002,11,38.9,49.2,59.5
2002-12,2002,12,33.7,43,52.3
2003-01,2003,1,27.5,37.5,47.5
2003-02,2003,2,32,40,48.1
2003-03,2003,3,40.5,51.2,61.9
2003-04,2003,4,50.7,62.7,74.6
2003-05,2003,5,61.7,71.3,80.9
2003-06,2003,6,65.6,74.3,83.1
2003-07,2003,7,72.4,81.5,90.5
2003-08,2003,8,73.1,82.8,92.6
2003-09,2003,9,62,72.4,82.9
2003-10,2003,10,53.1,64.8,76.4
2003-11,2003,11,46.3,56.1,65.8
2003-12,2003,12,33,43.5,54
2004-01,2004,1,33.1,42.8,52.5
2004-02,2004,2,31.6,41,50.3
2004-03,2004,3,46.6,57.4,68.2
2004-04,2004,4,51.3,61.7,72.1
2004-05,2004,5,62.8,72.1,81.4
2004-06,2004,6,69.6,77.5,85.4
2004-07,2004,7,70.8,79.9,88.9
2004-08,2004,8,67.3,77.5,87.6
2004-09,2004,9,63,74.8,86.6
2004-10,2004,10,57.9,67,76
2004-11,2004,11,47.4,55.1,62.9
2004-12,2004,12,30.7,41.8,52.8
2005-01,2005,1,37.3,45.7,54
2005-02,2005,2,39.4,48.2,57
2005-03,2005,3,41,51.7,62.4
2005-04,2005,4,50.9,62.1,73.2
2005-05,2005,5,57.8,69.2,80.5
2005-06,2005,6,68.9,79.3,89.7
2005-07,2005,7,72.1,81.6,91.2
2005-08,2005,8,73.4,84.2,95.1
2005-09,2005,9,67.2,78.4,89.6
2005-10,2005,10,51.8,63.6,75.5
2005-11,2005,11,44.1,55.3,66.5
2005-12,2005,12,30.3,41.5,52.7
2006-01,2006,1,37.1,48.5,60
2006-02,2006,2,31,41.1,51.2
2006-03,2006,3,43.1,54.2,65.4
2006-04,2006,4,56.5,67.5,78.5
2006-05,2006,5,61.6,71.4,81.2
2006-06,2006,6,67.9,78.2,88.5
2006-07,2006,7,72.5,83.4,94.2
2006-08,2006,8,73.4,84.1,94.7
2006-09,2006,9,60.1,72,84
2006-10,2006,10,50.1,61.6,73.2
2006-11,2006,11,41.8,53,64.2
2006-12,2006,12,35.9,46,56.1
2007-01,2007,1,32.3,40.9,49.5
2007-02,2007,2,31.2,41.3,51.3
2007-03,2007,3,48.8,60.5,72.3
2007-04,2007,4,47.4,58.4,69.4
2007-05,2007,5,62.7,72.7,82.8
2007-06,2007,6,69.7,79.3,88.8
2007-07,2007,7,70.7,79.4,88.2
2007-08,2007,8,74.7,86.4,98.1
2007-09,2007,9,66.2,76,85.8
2007-10,2007,10,55.1,65.2,75.3
2007-11,2007,11,43.5,54.2,64.8
2007-12,2007,12,35.3,44.6,53.9
2008-01,2008,1,30.3,40.1,49.9
2008-02,2008,2,33.4,43.8,54.2
2008-03,2008,3,41.5,52.8,64
2008-04,2008,4,49.2,59.8,70.4
2008-05,2008,5,59.5,69.7,79.8
2008-06,2008,6,69.7,79.2,88.7
2008-07,2008,7,72,82.6,93.3
2008-08,2008,8,70.6,79.8,89
2008-09,2008,9,64.1,73.2,82.3
2008-10,2008,10,50,61.9,73.8
2008-11,2008,11,39.1,50.2,61.4
2008-12,2008,12,31.2,41.9,52.6
2009-01,2009,1,28.8,39.3,49.7
2009-02,2009,2,36.8,48.5,60.1
2009-03,2009,3,43,53.1,63.3
2009-04,2009,4,50.4,60.7,71
2009-05,2009,5,60.6,69,77.5
2009-06,2009,6,70.6,80.6,90.5
2009-07,2009,7,69.5,78.8,88.2
2009-08,2009,8,69,78.5,88
2009-09,2009,9,64.8,73,81.2
2009-10,2009,10,49.9,58.5,67
2009-11,2009,11,43.8,55.2,66.5
2009-12,2009,12,31,39.4,47.8
2010-01,2010,1,29.3,38.2,47
2010-02,2010,2,28.6,37,45.3
2010-03,2010,3,40.4,51.9,63.5
2010-04,2010,4,53.4,65.3,77.1
2010-05,2010,5,63.4,73.4,83.5
2010-06,2010,6,74.3,84,93.6
2010-07,2010,7,75,84.6,94.3
2010-08,2010,8,75,86,97.1
2010-09,2010,9,65.1,76.9,88.6
2010-10,2010,10,50,65.3,80.5
2010-11,2010,11,41.1,53,64.9
2010-12,2010,12,30.1,39.7,49.3
2011-01,2011,1,28.6,38.6,48.6
2011-02,2011,2,34.3,44.9,55.5
2011-03,2011,3,43,53.1,63.1
2011-04,2011,4,53.1,64.8,76.5
2011-05,2011,5,59.1,68.9,78.7
2011-06,2011,6,73.4,83.9,94.3
2011-07,2011,7,75.6,86.2,96.9
2011-08,2011,8,74,84.5,95
2011-09,2011,9,60,71.9,83.8
2011-10,2011,10,48.5,62.2,75.9
2011-11,2011,11,45.6,54.9,64.3
2011-12,2011,12,34.8,44.3,53.8
2012-01,2012,1,34,45.1,56.3
2012-02,2012,2,38.7,48.3,57.9
2012-03,2012,3,51.7,63.5,75.2
2012-04,2012,4,54.8,65.8,76.8
2012-05,2012,5,64.1,74.9,85.8
2012-06,2012,6,67.7,79.7,91.7
2012-07,2012,7,75.5,86.8,98.1
2012-08,2012,8,70.9,82.4,94
2012-09,2012,9,65.1,75.1,85.1
2012-10,2012,10,49.9,60.8,71.7
2012-11,2012,11,38.5,51.2,63.9
2012-12,2012,12,37.9,47.6,57.3
2013-01,2013,1,33.3,42.6,51.9
2013-02,2013,2,34.4,43.9,53.4
2013-03,2013,3,36.9,47.5,58
2013-04,2013,4,48.3,59.4,70.5
2013-05,2013,5,59.1,68.7,78.3
2013-06,2013,6,69.6,79.2,88.8
2013-07,2013,7,69.3,80,90.7
2013-08,2013,8,70.6,80.4,90.3
2013-09,2013,9,65.7,77.8,89.8
2013-10,2013,10,53.2,63.2,73.1
2013-11,2013,11,38.5,48.9,59.3
2013-12,2013,12,32.4,41.9,51.3
2014-01,2014,1,23.5,36.3,49.1
2014-02,2014,2,29.5,39.9,50.3
2014-03,2014,3,35.8,47.5,59.1
2014-04,2014,4,49.9,61.1,72.3
2014-05,2014,5,59.3,69,78.8
2014-06,2014,6,70,78.3,86.6
2014-07,2014,7,67.8,77.1,86.5
2014-08,2014,8,71,80.5,90.1
2014-09,2014,9,64.6,74.8,85
2014-10,2014,10,54.1,65.8,77.5
2014-11,2014,11,35.5,46.2,56.8
2014-12,2014,12,37.6,44.9,52.3
2015-01,2015,1,29,39.6,50.3
2015-02,2015,2,27.1,36.9,46.7
2015-03,2015,3,41.2,50.4,59.5
2015-04,2015,4,53.7,63.8,73.9
2015-05,2015,5,61.7,71.2,80.6
2015-06,2015,6,70.7,80,89.2
2015-07,2015,7,74.9,84.2,93.6
2015-08,2015,8,69.5,81,92.5
2015-09,2015,9,64.9,77.2,89.4
2015-10,2015,10,53.2,65.2,77.3
2015-11,2015,11,45.8,55.2,64.6
2015-12,2015,12,40.2,51,61.7
2016-01,2016,1,30,39.9,49.8
2016-02,2016,2,36.7,47.7,58.8
2016-03,2016,3,45,56.1,67.2
2016-04,2016,4,53.5,63.5,73.6
2016-05,2016,5,59,69,79.1
2016-06,2016,6,72,81.3,90.7
2016-07,2016,7,74.8,84.6,94.4
2016-08,2016,8,74.3,82.2,90
2016-09,2016,9,67.7,78.7,89.7
2016-10,2016,10,55.6,67.7,79.7
2016-11,2016,11,44.1,55.9,67.6
2016-12,2016,12,33.2,42.8,52.4
2017-01,2017,1,36.1,44.8,53.6
2017-02,2017,2,40.6,52,63.3
2017-03,2017,3,44.7,56.2,67.7
2017-04,2017,4,53.8,64.6,75.5
2017-05,2017,5,58.2,68.7,79.2
2017-06,2017,6,67.2,76.5,85.8
2017-07,2017,7,72.1,81.8,91.5
2017-08,2017,8,70.1,78.3,86.4
2017-09,2017,9,63.8,74.6,85.5
2017-10,2017,10,51.1,64.2,77.3
2017-11,2017,11,42.7,54.2,65.7
2017-12,2017,12,33.4,43.3,53.2
2018-01,2018,1,25.5,35.8,46
2018-02,2018,2,35.2,45.3,55.4
2018-03,2018,3,43.2,54.8,66.4
2018-04,2018,4,43.4,55.6,67.7
2018-05,2018,5,64.9,75.8,86.7
2018-06,2018,6,70.6,81.1,91.6
2018-07,2018,7,72.9,83.1,93.2
2018-08,2018,8,70,79.5,89.1
2018-09,2018,9,67.1,75.5,83.9
2018-10,2018,10,53.7,63.3,72.9
2018-11,2018,11,36.4,46.6,56.7
2018-12,2018,12,36.6,44.9,53.2
2019-01,2019,1,33.2,41.5,49.8
2019-02,2019,2,36.6,46.1,55.5
2019-03,2019,3,39.1,49.4,59.8
2019-04,2019,4,50.2,61,71.8
2019-05,2019,5,61.9,71.7,81.5
2019-06,2019,6,67.3,76.9,86.5
2019-07,2019,7,71.2,80.3,89.5
2019-08,2019,8,71.9,81.7,91.6
2019-09,2019,9,70.3,80.9,91.4
2019-10,2019,10,51.1,62.4,73.7
2019-11,2019,11,34.6,46.3,58
2019-12,2019,12,35.7,46.1,56.6
2020-01,2020,1,35.2,43.7,52.3
2020-02,2020,2,35.3,44.6,53.8
2020-03,2020,3,47.1,56.3,65.5
2020-04,2020,4,48.7,59,69.3
2020-05,2020,5,57.4,67.7,78
2020-06,2020,6,67.5,77.2,87
2020-07,2020,7,73.1,82.4,91.7
2020-08,2020,8,69.4,79.8,90.1
2020-09,2020,9,63.8,72.9,81.9
2020-10,2020,10,50.1,60.4,70.8
2020-11,2020,11,41.9,54.3,66.7
2020-12,2020,12,31.8,42.9,54
2021-01,2021,1,31.8,41,50.2
2021-02,2021,2,24.9,34.1,43.3
2021-03,2021,3,42.6,54.8,66.9
2021-04,2021,4,46.7,58.2,69.6
2021-05,2021,5,57.7,67.6,77.6
2021-06,2021,6,68.5,77.6,86.7
2021-07,2021,7,71.2,80.5,89.9
2021-08,2021,8,71.8,81.5,91.3
2021-09,2021,9,63.7,75.6,87.6
2021-10,2021,10,56,66.7,77.4
2021-11,2021,11,36.6,49.2,61.8
2021-12,2021,12,42.8,53.3,63.7
2022-01,2022,1,27.1,39.6,52
2022-02,2022,2,30.6,42.7,54.9
2022-03,2022,3,39.7,52.7,65.7
2022-04,2022,4,50,60.9,71.8
2022-05,2022,5,62.4,72.4,82.3
2022-06,2022,6,69.8,79.7,89.6
2022-07,2022,7,75.2,85.7,96.2
2022-08,2022,8,71.5,80.7,90
2022-09,2022,9,63.5,76.1,88.6
2022-10,2022,10,49.4,63.2,77
2022-11,2022,11,40,50.7,61.4
2022-12,2022,12,34.7,43.5,52.4
2023-01,2023,1,37.9,47.8,57.8
2023-02,2023,2,39.4,48.9,58.5
2023-03,2023,3,43.1,53.7,64.3
2023-04,2023,4,50.8,61.4,72.1
2023-05,2023,5,61.9,71.7,81.5
2023-06,2023,6,69.1,79.2,89.2
2023-07,2023,7,73.5,82.4,91.3
2023-08,2023,8,73.2,83.5,93.8
2023-09,2023,9,65.2,76.8,88.3
2023-10,2023,10,55.5,66,76.5
2023-11,2023,11,40.9,52.4,63.8
2023-12,2023,12,35.7,46.5,57.4
2024-01,2024,1,27.7,36.5,45.4
2024-02,2024,2,41,52.3,63.7
2024-03,2024,3,45.1,55.8,66.4
