Date,Value,Anomaly
190001,32.1,3
190002,27.9,-4.4
190003,38.9,-1
190004,49.7,0.8
190005,57.5,0.1
190006,66.8,1.4
190007,69.2,0.3
190008,69.2,1.5
190009,66.9,6
190010,54.1,5.1
190011,38.8,0.3
190012,32.4,0.9
190101,33.2,4.1
190102,29.6,-2.7
190103,38.3,-1.6
190104,45.8,-3.1
190105,55.5,-1.9
190106,66.2,0.8
190107,69.9,1
190108,68.1,0.4
190109,58.9,-2
190110,49,0
190111,36.5,-2
190112,27.6,-3.9
190201,26.2,-2.9
190202,25.5,-6.8
190203,40.7,0.8
190204,49.2,0.3
190205,62.3,4.9
190206,66,0.6
190207,68.8,-0.1
190208,69.3,1.6
190209,56.3,-4.6
190210,48.4,-0.6
190211,45.9,7.4
190212,30.7,-0.8
190301,29.2,0.1
190302,30.7,-1.6
190303,44.2,4.3
190304,47.9,-1
190305,57.8,0.4
190306,59,-6.4
190307,68.4,-0.5
190308,67.9,0.2
190309,57,-3.9
190310,46.8,-2.2
190311,33.6,-4.9
190312,26.3,-5.2
190401,25.3,-3.8
190402,33.1,0.8
190403,42.1,2.2
190404,44.9,-4
190405,55.2,-2.2
190406,64.7,-0.7
190407,66.8,-2.1
190408,66.6,-1.1
190409,62.8,1.9
190410,47.8,-1.2
190411,36.4,-2.1
190412,30.6,-0.9
190501,22.5,-6.6
190502,21.7,-10.6
190503,44.4,4.5
190504,50.4,1.5
190505,61.3,3.9
190506,67.9,2.5
190507,67.3,-1.6
190508,68.1,0.4
190509,62.4,1.5
190510,48.9,-0.1
190511,39.9,1.4
190512,28.3,-3.2
190601,30.7,1.6
190602,28.7,-3.6
190603,34.5,-5.4
190604,50.5,1.6
190605,56.9,-0.5
190606,64.7,-0.7
190607,65.9,-3
190608,66.9,-0.8
190609,65.3,4.4
190610,45.9,-3.1
190611,36.8,-1.7
190612,36.5,5
190701,38.3,9.2
190702,32.2,-0.1
190703,49.6,9.7
190704,43.9,-5
190705,53.2,-4.2
190706,63.8,-1.6
190707,69.2,0.3
190708,70.1,2.4
190709,60.3,-0.6
190710,48.2,-0.8
190711,35.8,-2.7
190712,34.1,2.6
190801,30.3,1.2
190802,33.1,0.8
190803,47,7.1
190804,52.3,3.4
190805,59.6,2.2
190806,65.9,0.5
190807,67.8,-1.1
190808,68.3,0.6
190809,61.5,0.6
190810,44,-5
190811,40.5,2
190812,34.5,3
190901,33.6,4.5
190902,34.2,1.9
190903,40.7,0.8
190904,48.3,-0.6
190905,55.4,-2
190906,66.1,0.7
190907,70.2,1.3
190908,69,1.3
190909,60.3,-0.6
190910,47.5,-1.5
190911,46.1,7.6
190912,24.6,-6.9
191001,29.6,0.5
191002,26.5,-5.8
191003,45.3,5.4
191004,47.4,-1.5
191005,54.8,-2.6
191006,62.8,-2.6
191007,69.2,0.3
191008,68.5,0.8
191009,63.7,2.8
191010,49.6,0.6
191011,37,-1.5
191012,28.8,-2.7
191101,36,6.9
191102,38.7,6.4
191103,42.6,2.7
191104,48.6,-0.3
191105,57,-0.4
191106,67.3,1.9
191107,67.8,-1.1
191108,68.4,0.7
191109,67.3,6.4
191110,51.2,2.2
191111,33.3,-5.2
191112,32.8,1.3
191201,21.8,-7.3
191202,25.8,-6.5
191203,35.8,-4.1
191204,50.7,1.8
191205,58,0.6
191206,62,-3.4
191207,70,1.1
191208,67.1,-0.6
191209,60.8,-0.1
191210,49.4,0.4
191211,35.7,-2.8
191212,29.4,-2.1
191301,31.5,2.4
191302,30.2,-2.1
191303,36.3,-3.6
191304,48.3,-0.6
191305,56.9,-0.5
191306,63.8,-1.6
191307,70,1.1
191308,68.1,0.4
191309,60.8,-0.1
191310,48.2,-0.8
191311,45.6,7.1
191312,34.9,3.4
191401,33.5,4.4
191402,28,-4.3
191403,37.5,-2.4
191404,48.8,-0.1
191405,57.3,-0.1
191406,69.2,3.8
191407,70.6,1.7
191408,68.5,0.8
191409,62.6,1.7
191410,51.3,2.3
191411,38,-0.5
191412,28.3,-3.2
191501,28.1,-1
191502,35.5,3.2
191503,32.4,-7.5
191504,51.4,2.5
191505,58.2,0.8
191506,65.1,-0.3
191507,66.8,-2.1
191508,65.1,-2.6
191509,62.9,2
191510,48.9,-0.1
191511,40.8,2.3
191512,32.9,1.4
191601,32.6,3.5
191602,30.7,-1.6
191603,40,0.1
191604,47.7,-1.2
191605,59.3,1.9
191606,64.1,-1.3
191607,70,1.1
191608,69.1,1.4
191609,59.1,-1.8
191610,47.3,-1.7
191611,37,-1.5
191612,29.3,-2.2
191701,31.6,2.5
191702,29.6,-2.7
191703,40.3,0.4
191704,47.7,-1.2
191705,51.3,-6.1
191706,62.7,-2.7
191707,67.8,-1.1
191708,65.5,-2.2
191709,59,-1.9
191710,40.2,-8.8
191711,35.6,-2.9
191712,23.9,-7.6
191801,15.5,-13.6
191802,33.1,0.8
191803,43.9,4
191804,47,-1.9
191805,60.2,2.8
191806,68.1,2.7
191807,65.2,-3.7
191808,69.2,1.5
191809,54,-6.9
191810,54.4,5.4
191811,38,-0.5
191812,36.5,5
191901,29.4,0.3
191902,32.2,-0.1
191903,39.8,-0.1
191904,48.6,-0.3
191905,56.5,-0.9
191906,66.2,0.8
191907,68.7,-0.2
191908,68.7,1
191909,61.8,0.9
191910,58,9
191911,38.6,0.1
191912,28.6,-2.9
192001,29.2,0.1
192002,33.8,1.5
192003,39.6,-0.3
192004,47.2,-1.7
192005,60.2,2.8
192006,62.7,-2.7
192007,68.4,-0.5
192008,65.6,-2.1
192009,63.3,2.4
192010,51.3,2.3
192011,34.7,-3.8
192012,32.2,0.7
192101,35.5,6.4
192102,35.6,3.3
192103,48.8,8.9
192104,47.1,-1.8
192105,56.6,-0.8
192106,67.7,2.3
192107,69.9,1
192108,70,2.3
192109,68.3,7.4
192110,45.2,-3.8
192111,40.8,2.3
192112,34.7,3.2
192201,29.3,0.2
192202,37.2,4.9
192203,40.4,0.5
192204,51.6,2.7
192205,59.9,2.5
192206,66.5,1.1
192207,69.1,0.2
192208,67.1,-0.6
192209,61.1,0.2
192210,47.6,-1.4
192211,39.5,1
192212,35.8,4.3
192301,36.1,7
192302,31,-1.3
192303,36.8,-3.1
192304,48.6,-0.3
192305,56.6,-0.8
192306,66.3,0.9
192307,68.6,-0.3
192308,69.7,2
192309,62.2,1.3
192310,47.5,-1.5
192311,38.1,-0.4
192312,39.8,8.3
192401,24.9,-4.2
192402,31.7,-0.6
192403,35.4,-4.5
192404,48.9,0
192405,52.3,-5.1
192406,67.7,2.3
192407,66.1,-2.8
192408,68.7,1
192409,56.9,-4
192410,48,-1
192411,38.7,0.2
192412,29.3,-2.2
192501,28.7,-0.4
192502,36,3.7
192503,40.8,0.9
192504,54,5.1
192505,54,-3.4
192506,68.9,3.5
192507,69.8,0.9
192508,65.9,-1.8
192509,67.4,6.5
192510,48.4,-0.6
192511,37.3,-1.2
192512,28.3,-3.2
192601,29.4,0.3
192602,36.2,3.9
192603,36.5,-3.4
192604,44.4,-4.5
192605,55.9,-1.5
192606,63.5,-1.9
192607,66.9,-2
192608,69.2,1.5
192609,65.3,4.4
192610,53.7,4.7
192611,34.8,-3.7
192612,32.2,0.7
192701,31.3,2.2
192702,40.1,7.8
192703,41.9,2
192704,54.6,5.7
192705,60.6,3.2
192706,65.3,-0.1
192707,67.5,-1.4
192708,65.8,-1.9
192709,62.7,1.8
192710,50,1
192711,44.4,5.9
192712,28.8,-2.7
192801,29.4,0.3
192802,33.7,1.4
192803,40.3,0.4
192804,45.3,-3.6
192805,56.6,-0.8
192806,64.2,-1.2
192807,69.4,0.5
192808,70.1,2.4
192809,56.3,-4.6
192810,52.8,3.8
192811,38.2,-0.3
192812,30.7,-0.8
192901,27.5,-1.6
192902,25.2,-7.1
192903,43.6,3.7
192904,52.5,3.6
192905,56.6,-0.8
192906,64.3,-1.1
192907,69.1,0.2
192908,66.2,-1.5
192909,60.6,-0.3
192910,49.7,0.7
192911,35,-3.5
192912,32.8,1.3
193001,23,-6.1
193002,39.8,7.5
193003,37.6,-2.3
193004,51,2.1
193005,57.7,0.3
193006,62.6,-2.8
193007,69.6,0.7
193008,66.9,-0.8
193009,63.1,2.2
193010,48,-1
193011,38.3,-0.2
193012,29.7,-1.8
193101,30.2,1.1
193102,36.7,4.4
193103,35.8,-4.1
193104,46.3,-2.6
193105,53.2,-4.2
193106,65.2,-0.2
193107,69.8,0.9
193108,65.4,-2.3
193109,64.8,3.9
193110,53.4,4.4
193111,46.2,7.7
193112,38.6,7.1
193201,35.2,6.1
193202,39.7,7.4
193203,36.3,-3.6
193204,51.3,2.4
193205,56.8,-0.6
193206,67.2,1.8
193207,71.1,2.2
193208,68.7,1
193209,60.8,-0.1
193210,46.3,-2.7
193211,33.1,-5.4
193212,29.4,-2.1
193301,37.3,8.2
193302,30.2,-2.1
193303,40.3,0.4
193304,48.8,-0.1
193305,60.6,3.2
193306,63.9,-1.5
193307,70.1,1.2
193308,67.9,0.2
193309,66.6,5.7
193310,49.1,0.1
193311,39.6,1.1
193312,37.3,5.8
193401,33.5,4.4
193402,28.8,-3.5
193403,36,-3.9
193404,49.8,0.9
193405,56.7,-0.7
193406,67.9,2.5
193407,71.3,2.4
193408,71.6,3.9
193409,59,-1.9
193410,51.8,2.8
193411,40.8,2.3
193412,30.6,-0.9
193501,31.5,2.4
193502,33.8,1.5
193503,47,7.1
193504,49.3,0.4
193505,56.9,-0.5
193506,64,-1.4
193507,70.4,1.5
193508,68.9,1.2
193509,58.6,-2.3
193510,51.6,2.6
193511,39.2,0.7
193512,27.1,-4.4
193601,25.2,-3.9
193602,25.1,-7.2
193603,42.9,3
193604,45.2,-3.7
193605,58.3,0.9
193606,65,-0.4
193607,70.6,1.7
193608,69.8,2.1
193609,66.6,5.7
193610,48.4,-0.6
193611,34.6,-3.9
193612,34.3,2.8
193701,32.4,3.3
193702,32.6,0.3
193703,35.9,-4
193704,48.5,-0.4
193705,58.2,0.8
193706,66.9,1.5
193707,68.4,-0.5
193708,69.8,2.1
193709,60.2,-0.7
193710,47.4,-1.6
193711,36.3,-2.2
193712,32.8,1.3
193801,30.5,1.4
193802,39.6,7.3
193803,47.4,7.5
193804,50.1,1.2
193805,58.5,1.1
193806,64.6,-0.8
193807,69.6,0.7
193808,70.1,2.4
193809,60.7,-0.2
193810,48.9,-0.1
193811,35.6,-2.9
193812,31.4,-0.1
193901,33,3.9
193902,31.9,-0.4
193903,41.8,1.9
193904,46.6,-2.3
193905,57.3,-0.1
193906,67.5,2.1
193907,69.6,0.7
193908,67.5,-0.2
193909,64.4,3.5
193910,49.7,0.7
193911,36,-2.5
193912,33.7,2.2
194001,16.8,-12.3
194002,31.4,-0.9
194003,38.6,-1.3
194004,48.2,-0.7
194005,53.7,-3.7
194006,64,-1.4
194007,68,-0.9
194008,66.5,-1.2
194009,57.2,-3.7
194010,48.8,-0.2
194011,36.8,-1.7
194012,34.9,3.4
194101,32,2.9
194102,29.9,-2.4
194103,35.2,-4.7
194104,51.7,2.8
194105,59,1.6
194106,64.5,-0.9
194107,69.6,0.7
194108,69,1.3
194109,63.4,2.5
194110,57.7,8.7
194111,36.2,-2.3
194112,33.6,2.1
194201,24.6,-4.5
194202,30.3,-2
194203,39.9,0
194204,51,2.1
194205,56.7,-0.7
194206,66.6,1.2
194207,69.1,0.2
194208,67.8,0.1
194209,58.9,-2
194210,48.5,-0.5
194211,42.2,3.7
194212,32.8,1.3
194301,27.8,-1.3
194302,33.1,0.8
194303,34.8,-5.1
194304,50.2,1.3
194305,60.4,3
194306,69.2,3.8
194307,69.4,0.5
194308,69.3,1.6
194309,58.8,-2.1
194310,47.6,-1.4
194311,34.4,-4.1
194312,30.2,-1.3
194401,30.5,1.4
194402,37.2,4.9
194403,39.4,-0.5
194404,48.8,-0.1
194405,59.3,1.9
194406,67.8,2.4
194407,67,-1.9
194408,68.6,0.9
194409,61,0.1
194410,47.4,-1.6
194411,41.3,2.8
194412,27.6,-3.9
194501,29.1,0
194502,33.5,1.2
194503,46.7,6.8
194504,51.3,2.4
194505,54.5,-2.9
194506,65.2,-0.2
194507,67.1,-1.8
194508,67.2,-0.5
194509,62.8,1.9
194510,48.1,-0.9
194511,40.8,2.3
194512,26.9,-4.6
194601,30.9,1.8
194602,34.3,2
194603,46.5,6.6
194604,52.6,3.7
194605,56,-1.4
194606,64.4,-1
194607,69.1,0.2
194608,67,-0.7
194609,59.7,-1.2
194610,48.9,-0.1
194611,42,3.5
194612,36.4,4.9
194701,32.9,3.8
194702,24.1,-8.2
194703,33,-6.9
194704,50.2,1.3
194705,55.5,-1.9
194706,65.9,0.5
194707,65.1,-3.8
194708,70.8,3.1
194709,61.4,0.5
194710,54.6,5.6
194711,37.2,-1.3
194712,31.6,0.1
194801,22.8,-6.3
194802,32.1,-0.2
194803,39.4,-0.5
194804,52.8,3.9
194805,57.4,0
194806,65.6,0.2
194807,69.5,0.6
194808,66.8,-0.9
194809,59,-1.9
194810,44.1,-4.9
194811,38.4,-0.1
194812,33.6,2.1
194901,32.8,3.7
194902,33.9,1.6
194903,38.9,-1
194904,48.2,-0.7
194905,59.6,2.2
194906,67.5,2.1
194907,71,2.1
194908,66.1,-1.6
194909,56.2,-4.7
194910,51.8,2.8
194911,36.3,-2.2
194912,33.3,1.8
195001,37.4,8.3
195002,35.2,2.9
195003,36.9,-3
195004,46,-2.9
195005,59.6,2.2
195006,65.8,0.4
195007,66.9,-2
195008,65.2,-2.5
195009,60.8,-0.1
195010,53,4
195011,33.4,-5.1
195012,26.2,-5.3
195101,29.3,0.2
195102,32.7,0.4
195103,39,-0.9
195104,45.9,-3
195105,55.4,-2
195106,65.9,0.5
195107,70.1,1.2
195108,69.2,1.5
195109,59.8,-1.1
195110,49.5,0.5
195111,33.4,-5.1
195112,32.6,1.1
195201,36.6,7.5
195202,36.8,4.5
195203,37.5,-2.4
195204,45.8,-3.1
195205,55.9,-1.5
195206,69,3.6
195207,69,0.1
195208,68.2,0.5
195209,56.5,-4.4
195210,38,-11
195211,36.7,-1.8
195212,31.8,0.3
195301,33.4,4.3
195302,33.4,1.1
195303,43.7,3.8
195304,45.1,-3.8
195305,59.4,2
195306,70.2,4.8
195307,69,0.1
195308,66,-1.7
195309,57.2,-3.7
195310,48.6,-0.4
195311,34.7,-3.8
195312,29.5,-2
195401,29.9,0.8
195402,36.3,4
195403,38.4,-1.5
195404,54.1,5.2
195405,53.3,-4.1
195406,66.7,1.3
195407,71.6,2.7
195408,70.7,3
195409,61.2,0.3
195410,52,3
195411,36.3,-2.2
195412,31,-0.5
195501,30.2,1.1
195502,32.1,-0.2
195503,40.8,0.9
195504,53.3,4.4
195505,60.2,2.8
195506,61.1,-4.3
195507,70.6,1.7
195508,67.5,-0.2
195509,61.3,0.4
195510,47.2,-1.8
195511,35.4,-3.1
195512,29.3,-2.2
195601,26.8,-2.3
195602,36.1,3.8
195603,38.8,-1.1
195604,46.5,-2.4
195605,61.2,3.8
195606,64.9,-0.5
195607,68.8,-0.1
195608,67.7,0
195609,56.2,-4.7
195610,50.9,1.9
195611,35.9,-2.6
195612,36.1,4.6
195701,29.2,0.1
195702,39.8,7.5
195703,38.7,-1.2
195704,50.6,1.7
195705,59.6,2.2
195706,66.7,1.3
195707,69.2,0.3
195708,66.8,-0.9
195709,59.6,-1.3
195710,46.9,-2.1
195711,39.4,0.9
195712,35.9,4.4
195801,27.2,-1.9
195802,26.6,-5.7
195803,35.8,-4.1
195804,48.7,-0.2
195805,57.7,0.3
195806,65,-0.4
195807,69.9,1
195808,67.7,0
195809,63.1,2.2
195810,48.5,-0.5
195811,39.3,0.8
195812,27.5,-4
195901,26.7,-2.4
195902,32.7,0.4
195903,37.1,-2.8
195904,48.2,-0.7
195905,61.7,4.3
195906,64.7,-0.7
195907,67.2,-1.7
195908,68.6,0.9
195909,62.4,1.5
195910,49.7,0.7
195911,32.7,-5.8
195912,34.8,3.3
196001,31.3,2.2
196002,29,-3.3
196003,30,-9.9
196004,49.6,0.7
196005,53.9,-3.5
196006,64.5,-0.9
196007,68,-0.9
196008,68,0.3
196009,61.8,0.9
196010,52.2,3.2
196011,37.9,-0.6
196012,27.9,-3.6
196101,23.9,-5.2
196102,35.9,3.6
196103,43.3,3.4
196104,45.8,-3.1
196105,54.9,-2.5
196106,62.3,-3.1
196107,66.8,-2.1
196108,65.3,-2.4
196109,60.7,-0.2
196110,47.7,-1.3
196111,39,0.5
196112,31.6,0.1
196201,24.5,-4.6
196202,36.7,4.4
196203,36,-3.9
196204,46.9,-2
196205,61.3,3.9
196206,64.7,-0.7
196207,69,0.1
196208,66.7,-1
196209,61.4,0.5
196210,54.1,5.1
196211,38.8,0.3
196212,30.2,-1.3
196301,21.3,-7.8
196302,25.9,-6.4
196303,42.2,2.3
196304,52.5,3.6
196305,57.9,0.5
196306,65.9,0.5
196307,68.6,-0.3
196308,67.4,-0.3
196309,60.8,-0.1
196310,51.6,2.6
196311,39.3,0.8
196312,22.2,-9.3
196401,27.3,-1.8
196402,28.6,-3.7
196403,37.7,-2.2
196404,52.7,3.8
196405,59.6,2.2
196406,65.9,0.5
196407,68.7,-0.2
196408,67,-0.7
196409,60.5,-0.4
196410,44.6,-4.4
196411,41.3,2.8
196412,32,0.5
196501,31.2,2.1
196502,29.9,-2.4
196503,33.3,-6.6
196504,52.2,3.3
196505,60.8,3.4
196506,65.2,-0.2
196507,68.7,-0.2
196508,65.7,-2
196509,62.3,1.4
196510,46.5,-2.5
196511,44.5,6
196512,34.9,3.4
196601,25.8,-3.3
196602,31.3,-1
196603,39.4,-0.5
196604,48.6,-0.3
196605,55.1,-2.3
196606,62.1,-3.3
196607,70.7,1.8
196608,65.3,-2.4
196609,58.6,-2.3
196610,44.1,-4.9
196611,42,3.5
196612,31.2,-0.3
196701,30,0.9
196702,28.6,-3.7
196703,44.6,4.7
196704,54.5,5.6
196705,55,-2.4
196706,66,0.6
196707,65.8,-3.1
196708,63,-4.7
196709,57.6,-3.3
196710,47.4,-1.6
196711,36.2,-2.3
196712,32.4,0.9
196801,29.1,0
196802,26.8,-5.5
196803,38.4,-1.5
196804,49.6,0.7
196805,56.3,-1.1
196806,65.8,0.4
196807,67.5,-1.4
196808,68.3,0.6
196809,56.3,-4.6
196810,47.3,-1.7
196811,38.3,-0.2
196812,29.2,-2.3
196901,30.6,1.5
196902,32.3,0
196903,33.3,-6.6
196904,49.6,0.7
196905,57.1,-0.3
196906,64,-1.4
196907,70.8,1.9
196908,65.1,-2.6
196909,60,-0.9
196910,49.3,0.3
196911,35.4,-3.1
196912,30.5,-1
197001,23,-6.1
197002,30.4,-1.9
197003,37.4,-2.5
197004,51.3,2.4
197005,57.8,0.4
197006,64.6,-0.8
197007,66.6,-2.3
197008,68.4,0.7
197009,64.5,3.6
197010,48.7,-0.3
197011,36.8,-1.7
197012,35,3.5
197101,28.6,-0.5
197102,31.2,-1.1
197103,35.4,-4.5
197104,45.8,-3.1
197105,53.4,-4
197106,66.8,1.4
197107,67.6,-1.3
197108,65.5,-2.2
197109,63.1,2.2
197110,54.2,5.2
197111,37.8,-0.7
197112,38.8,7.3
197201,29.9,0.8
197202,31.9,-0.4
197203,40.1,0.2
197204,49.8,0.9
197205,55.9,-1.5
197206,63.6,-1.8
197207,66.6,-2.3
197208,66.8,-0.9
197209,65.1,4.2
197210,50.2,1.2
197211,37.1,-1.4
197212,29.3,-2.2
197301,29,-0.1
197302,30.8,-1.5
197303,45.7,5.8
197304,48.2,-0.7
197305,54.3,-3.1
197306,65,-0.4
197307,69.2,0.3
197308,65.7,-2
197309,64.6,3.7
197310,53.6,4.6
197311,44.6,6.1
197312,31.2,-0.3
197401,32.6,3.5
197402,33.6,1.3
197403,45.7,5.8
197404,48.3,-0.6
197405,61,3.6
197406,61.2,-4.2
197407,68.6,-0.3
197408,66.1,-1.6
197409,56.9,-4
197410,48,-1
197411,39.9,1.4
197412,32.2,0.7
197501,32.4,3.3
197502,32.1,-0.2
197503,37,-2.9
197504,47.5,-1.4
197505,59.8,2.4
197506,65,-0.4
197507,67.9,-1
197508,68.3,0.6
197509,56.9,-4
197510,48.8,-0.2
197511,39.4,0.9
197512,32.6,1.1
197601,26.3,-2.8
197602,38.9,6.6
197603,44.2,4.3
197604,49.3,0.4
197605,51.9,-5.5
197606,62.3,-3.1
197607,67,-1.9
197608,63.2,-4.5
197609,58.6,-2.3
197610,43,-6
197611,30.9,-7.6
197612,26.9,-4.6
197701,17.6,-11.5
197702,30.4,-1.9
197703,42.4,2.5
197704,51.2,2.3
197705,60.3,2.9
197706,66.7,1.3
197707,70.5,1.6
197708,68.8,1.1
197709,64.9,4
197710,47.9,-1.1
197711,42.2,3.7
197712,29.6,-1.9
197801,21.2,-7.9
197802,23,-9.3
197803,36,-3.9
197804,50.4,1.5
197805,57,-0.4
197806,65.2,-0.2
197807,70.2,1.3
197808,67.3,-0.4
197809,63.9,3
197810,44.8,-4.2
197811,42.2,3.7
197812,30.2,-1.3
197901,19.7,-9.4
197902,27,-5.3
197903,41.4,1.5
197904,49,0.1
197905,56.1,-1.3
197906,63.9,-1.5
197907,69,0.1
197908,66.9,-0.8
197909,57.9,-3
197910,48.8,-0.2
197911,35.2,-3.3
197912,31.1,-0.4
198001,31.5,2.4
198002,27.1,-5.2
198003,35.6,-4.3
198004,45.8,-3.1
198005,57.7,0.3
198006,66.9,1.5
198007,71,2.1
198008,70.2,2.5
198009,64.4,3.5
198010,45.2,-3.8
198011,37.4,-1.1
198012,31.1,-0.4
198101,26.2,-2.9
198102,32,-0.3
198103,38.6,-1.3
198104,54.7,5.8
198105,54.4,-3
198106,67.9,2.5
198107,71,2.1
198108,66.6,-1.1
198109,58,-2.9
198110,49,0
198111,40,1.5
198112,28.9,-2.6
198201,23.9,-5.2
198202,30.1,-2.2
198203,44,4.1
198204,45.7,-3.2
198205,59.7,2.3
198206,63.1,-2.3
198207,69.5,0.6
198208,69,1.3
198209,58.6,-2.3
198210,47.6,-1.4
198211,40.4,1.9
198212,38,6.5
198301,29.5,0.4
198302,34.1,1.8
198303,39.1,-0.8
198304,44.1,-4.8
198305,55.2,-2.2
198306,62.9,-2.5
198307,69.5,0.6
198308,70,2.3
198309,59.5,-1.4
198310,50.7,1.7
198311,40.5,2
198312,22.3,-9.2
198401,23.3,-5.8
198402,33.4,1.1
198403,38.6,-1.3
198404,47.7,-1.2
198405,55.1,-2.3
198406,66,0.6
198407,66.5,-2.4
198408,66.4,-1.3
198409,58.9,-2
198410,54.5,5.5
198411,37.4,-1.1
198412,40.6,9.1
198501,22.3,-6.8
198502,28.3,-4
198503,44.6,4.7
198504,50.9,2
198505,57.3,-0.1
198506,64.5,-0.9
198507,67.7,-1.2
198508,67.5,-0.2
198509,59.9,-1
198510,53.5,4.5
198511,45.1,6.6
198512,25.6,-5.9
198601,27.8,-1.3
198602,36.3,4
198603,40.1,0.2
198604,50.9,2
198605,59,1.6
198606,67.5,2.1
198607,71.4,2.5
198608,64.9,-2.8
198609,64.7,3.8
198610,50.7,1.7
198611,40.4,1.9
198612,32.7,1.2
198701,28.9,-0.2
198702,36.1,3.8
198703,39.5,-0.4
198704,45.2,-3.7
198705,61.9,4.5
198706,65.6,0.2
198707,68.9,0
198708,70.4,2.7
198709,59.2,-1.7
198710,43.3,-5.7
198711,40.9,2.4
198712,33.8,2.3
198801,25.2,-3.9
198802,30,-2.3
198803,38.2,-1.7
198804,46.5,-2.4
198805,54.2,-3.2
198806,62.3,-3.1
198807,69,0.1
198808,69.2,1.5
198809,61.6,0.7
198810,46.1,-2.9
198811,39.4,0.9
198812,31.3,-0.2
198901,34,4.9
198902,28.5,-3.8
198903,39.6,-0.3
198904,48.4,-0.5
198905,56.9,-0.5
198906,64.5,-0.9
198907,68.3,-0.6
198908,67,-0.7
198909,59,-1.9
198910,48.8,-0.2
198911,39.8,1.3
198912,21.3,-10.2
199001,34.8,5.7
199002,38,5.7
199003,43.8,3.9
199004,48.2,-0.7
199005,56,-1.4
199006,66.9,1.5
199007,68.2,-0.7
199008,67.4,-0.3
199009,63.6,2.7
199010,45.9,-3.1
199011,42.1,3.6
199012,31,-0.5
199101,29.7,0.6
199102,34.2,1.9
199103,42.4,2.5
199104,52.7,3.8
199105,63,5.6
199106,67.7,2.3
199107,69.3,0.4
199108,66.7,-1
199109,61.2,0.3
199110,50.1,1.1
199111,36.6,-1.9
199112,36.8,5.3
199201,31.2,2.1
199202,37.4,5.1
199203,40.9,1
199204,48.3,-0.6
199205,55.5,-1.9
199206,64.1,-1.3
199207,69.6,0.7
199208,63.5,-4.2
199209,59.3,-1.6
199210,48,-1
199211,39.1,0.6
199212,34,2.5
199301,30.6,1.5
199302,30.6,-1.7
199303,38.6,-1.3
199304,46,-2.9
199305,56.6,-0.8
199306,66.5,1.1
199307,72,3.1
199308,70.3,2.6
199309,58.6,-2.3
199310,46.9,-2.1
199311,35.2,-3.3
199312,32.4,0.9
199401,28,-1.1
199402,32,-0.3
199403,39.4,-0.5
199404,50.1,1.2
199405,55.1,-2.3
199406,68.4,3
199407,68,-0.9
199408,65,-2.7
199409,57.9,-3
199410,51.8,2.8
199411,44.8,6.3
199412,35.8,4.3
199501,31.8,2.7
199502,32.8,0.5
199503,42.6,2.7
199504,48.2,-0.7
199505,58.6,1.2
199506,63.6,-1.8
199507,69.1,0.2
199508,71.1,3.4
199509,58.6,-2.3
199510,47.5,-1.5
199511,35.2,-3.3
199512,31.8,0.3
199601,27.1,-2
199602,31.9,-0.4
199603,34.3,-5.6
199604,45.5,-3.4
199605,62.3,4.9
199606,65.7,0.3
199607,69.2,0.3
199608,67.3,-0.4
199609,58.9,-2
199610,49.2,0.2
199611,38.1,-0.4
199612,34.6,3.1
199701,28.8,-0.3
199702,37.1,4.8
199703,42.4,2.5
199704,44.5,-4.4
199705,53.7,-3.7
199706,64.1,-1.3
199707,70.1,1.2
199708,66.6,-1.1
199709,60.9,0
199710,48.9,-0.1
199711,38.1,-0.4
199712,32.2,0.7
199801,36.2,7.1
199802,36.8,4.5
199803,39.9,0
199804,47.7,-1.2
199805,61.2,3.8
199806,69.2,3.8
199807,72.8,3.9
199808,69.6,1.9
199809,66.5,5.6
199810,52.4,3.4
199811,43.9,5.4
199812,34.6,3.1
199901,32.4,3.3
199902,38.1,5.8
199903,38.4,-1.5
199904,52.8,3.9
199905,56.5,-0.9
199906,66.8,1.4
199907,71.2,2.3
199908,67.6,-0.1
199909,58.1,-2.8
199910,47.5,-1.5
199911,42.2,3.7
199912,32.8,1.3
200001,31.7,2.6
200002,37,4.7
200003,43.6,3.7
200004,47.4,-1.5
200005,60.8,3.4
200006,65.6,0.2
200007,69,0.1
200008,70.3,2.6
200009,60.2,-0.7
200010,51.1,2.1
200011,37.7,-0.8
200012,22.9,-8.6
200101,27.5,-1.6
200102,35.6,3.3
200103,37.8,-2.1
200104,54.2,5.3
200105,58.4,1
200106,64.7,-0.7
200107,71.6,2.7
200108,69.8,2.1
200109,59.3,-1.6
200110,46,-3
200111,43.1,4.6
200112,35.3,3.8
200201,31.6,2.5
200202,31,-1.3
200203,36.7,-3.2
200204,52.4,3.5
200205,56.7,-0.7
200206,66.1,0.7
200207,70.7,1.8
200208,69.2,1.5
200209,63.6,2.7
200210,51.6,2.6
200211,37.2,-1.3
200212,33.2,1.7
200301,26.2,-2.9
200302,31.4,-0.9
200303,39.5,-0.4
200304,49.1,0.2
200305,59.5,2.1
200306,63.3,-2.1
200307,69.7,0.8
200308,70.1,2.4
200309,59.1,-1.8
200310,50.4,1.4
200311,44.5,6
200312,31.9,0.4
200401,31,1.9
200402,31,-1.3
200403,44.7,4.8
200404,49.4,0.5
200405,61,3.6
200406,66.8,1.4
200407,68.2,-0.7
200408,64.5,-3.2
200409,60.1,-0.8
200410,55.8,6.8
200411,45.9,7.4
200412,30.2,-1.3
200501,36.2,7.1
200502,38.3,6
200503,38.8,-1.1
200504,49.1,0.2
200505,55,-2.4
200506,66,0.6
200507,69.4,0.5
200508,70.5,2.8
200509,64.7,3.8
200510,48.9,-0.1
200511,41.8,3.3
200512,28.7,-2.8
200601,35.8,6.7
200602,30.1,-2.2
200603,41.8,1.9
200604,54.4,5.5
200605,59,1.6
200606,64.6,-0.8
200607,69.2,0.3
200608,70.8,3.1
200609,56.9,-4
200610,47.7,-1.3
200611,39.9,1.4
200612,34.5,3
200701,31.1,2
200702,30.4,-1.9
200703,47.4,7.5
200704,45.6,-3.3
200705,60,2.6
200706,66.8,1.4
200707,68.1,-0.8
200708,71.5,3.8
200709,63.4,2.5
200710,52.8,3.8
200711,41.3,2.8
200712,33.9,2.4
200801,28.6,-0.5
200802,32.9,0.6
200803,40.1,0.2
200804,47.4,-1.5
200805,57,-0.4
200806,67.5,2.1
200807,69.1,0.2
200808,68,0.3
200809,61.3,0.4
200810,47.5,-1.5
200811,37.5,-1
200812,29.9,-1.6
200901,27.8,-1.3
200902,35.8,3.5
200903,42.1,2.2
200904,48.4,-0.5
200905,58.2,0.8
200906,67.9,2.5
200907,67.5,-1.4
200908,66.3,-1.4
200909,62.6,1.7
200910,47.9,-1.1
200911,42.8,4.3
200912,29.4,-2.1
201001,27.6,-1.5
201002,28,-4.3
201003,38.7,-1.2
201004,51,2.1
201005,60.4,3
201006,71.1,5.7
201007,72.2,3.3
201008,72.1,4.4
201009,62.5,1.6
201010,47.1,-1.9
201011,40.3,1.8
201012,28.8,-2.7
201101,27.5,-1.6
201102,33.5,1.2
201103,41.7,1.8
201104,51.4,2.5
201105,56.8,-0.6
201106,70.2,4.8
201107,73,4.1
201108,71.3,3.6
201109,57.1,-3.8
201110,46.4,-2.6
201111,43.8,5.3
201112,34,2.5
201201,33.4,4.3
201202,37.6,5.3
201203,50.4,10.5
201204,52.8,3.9
201205,61.2,3.8
201206,65.1,-0.3
201207,72.4,3.5
201208,68,0.3
201209,62.5,1.6
201210,47.9,-1.1
201211,37,-1.5
201212,36.3,4.8
201301,32.6,3.5
201302,33.4,1.1
201303,35.7,-4.2
201304,46.7,-2.2
201305,56.7,-0.7
201306,66.7,1.3
201307,66.9,-2
201308,68,0.3
201309,62.8,1.9
201310,51.3,2.3
201311,37,-1.5
201312,30.6,-0.9
201401,23,-6.1
201402,28.3,-4
201403,34.2,-5.7
201404,48,-0.9
201405,57.7,0.3
201406,67.9,2.5
201407,65.4,-3.5
201408,68.2,0.5
201409,62,1.1
201410,51.8,2.8
201411,34.3,-4.2
201412,36.6,5.1
201501,28,-1.1
201502,26.1,-6.2
201503,40.3,0.4
201504,52.1,3.2
201505,59.4,2
201506,68.5,3.1
201507,72.3,3.4
201508,66.7,-1
201509,62.8,1.9
201510,51.1,2.1
201511,44.8,6.3
201512,39.2,7.7
201601,29.6,0.5
201602,35.7,3.4
201603,44.2,4.3
201604,51.5,2.6
201605,56.7,-0.7
201606,68.7,3.3
201607,72,3.1
201608,71.5,3.8
201609,64.2,3.3
201610,54.5,5.5
201611,43.6,5.1
201612,32.8,1.3
201701,36.1,7
201702,41.3,9
201703,44.2,4.3
201704,53,4.1
201705,56.4,-1
201706,65.7,0.3
201707,70.5,1.6
201708,68.3,0.6
201709,61.4,0.5
201710,49.8,0.8
201711,42.4,3.9
201712,32.4,0.9
201801,25.3,-3.8
201802,36,3.7
201803,42.2,2.3
201804,43,-5.9
201805,63.8,6.4
201806,69.2,3.8
201807,71,2.1
201808,68.8,1.1
201809,66.2,5.3
201810,52.8,3.8
201811,35.7,-2.8
201812,35.6,4.1
201901,32,2.9
201902,36.6,4.3
201903,38.2,-1.7
201904,49.7,0.8
201905,60.5,3.1
201906,65.5,0.1
201907,69.4,0.5
201908,70.5,2.8
201909,68.4,7.5
201910,49.3,0.3
201911,34.8,-3.7
201912,35.3,3.8
202001,35.3,6.2
202002,35.4,3.1
202003,47.1,7.2
202004,47.8,-1.1
202005,56.4,-1
202006,66.1,0.7
202007,71.9,3
202008,67.5,-0.2
202009,62.6,1.7
202010,48.4,-0.6
202011,41.9,3.4
202012,31.8,0.3
202101,32.6,3.5
202102,26,-6.3
202103,43.2,3.3
202104,46.8,-2.1
202105,56.6,-0.8
202106,67.2,1.8
202107,69.3,0.4
202108,70.7,3
202109,62.1,1.2
202110,54.3,5.3
202111,37,-1.5
202112,42.8,11.3
202201,26.6,-2.5
202202,30,-2.3
202203,39.1,-0.8
202204,48.5,-0.4
202205,60.6,3.2
202206,67.1,1.7
202207,72.6,3.7
202208,69.8,2.1
202209,60.8,-0.1
202210,47.1,-1.9
202211,39,0.5
202212,34.5,3
202301,36.5,7.4
202302,38.8,6.5
202303,42.2,2.3
202304,48.7,-0.2
202305,58.9,1.5
202306,66,0.6
202307,70.9,2
202308,70.6,2.9
202309,62.6,1.7
202310,52.3,3.3
202311,40.4,1.9
202312,35.2,3.7
202401,26.9,-2.2
202402,39.7,7.4
202403,43.8,3.9
202404,52.6,3.7
202405,63.1,5.7
202406,67.8,2.4
202407,70.2,1.3
202408,68.9,1.2
